DATE_TIME,AMBIENT_TEMPERATURE,MODULE_TEMPERATURE,IRRADIATION,hour,minute,day_of_year,total_ac_power_kw
2020-05-15 01:00:00,24.621525357142858,22.165422642857145,0.0,1,0,136,0.0
2020-05-15 01:45:00,24.87302233333333,23.1609192,0.0,1,45,136,0.0
2020-05-15 04:15:00,24.3519308,21.78364253333333,0.0,4,15,136,0.0
2020-05-15 04:30:00,24.0626222,21.85252493333333,0.0,4,30,136,0.0
2020-05-15 04:45:00,24.013224200000003,22.306315,0.0,4,45,136,0.0
2020-05-15 05:00:00,24.1771058,22.551908466666664,0.0,5,0,136,0.0
2020-05-15 06:30:00,23.976731266666665,22.893282,0.0494097238666666,6,30,136,1480.19464286
2020-05-15 06:45:00,24.21899,24.442443933333333,0.0953944536,6,45,136,2790.4482143
2020-05-15 07:00:00,24.5373984,27.185652866666665,0.1419404433333333,7,0,136,4052.6621429
2020-05-15 07:15:00,24.8159595,28.888477857142853,0.1547126757142856,7,15,136,4368.7226191
2020-05-15 07:30:00,24.988789866666668,29.6056438,0.1487991533333333,7,30,136,4275.935119
2020-05-15 07:45:00,25.21618033333333,29.547110933333336,0.1447934189333333,7,45,136,4352.0946427
2020-05-15 08:00:00,25.41951306666667,31.412544733333327,0.2016386213333333,8,0,136,6365.6089285
2020-05-15 08:15:00,25.95908213333333,35.5287108,0.3457076533333333,8,15,136,10002.0646429
2020-05-15 08:30:00,26.430782066666666,40.3180586,0.4053485726666666,8,30,136,10995.6029761
2020-05-15 08:45:00,26.8318298,39.08195373333332,0.3124267953333332,8,45,136,9080.0678571
2020-05-15 09:00:00,27.6209698,45.0092326,0.6231526486666666,9,0,136,16211.35
2020-05-15 09:15:00,27.98836207142857,46.6177065,0.3448840357142857,9,15,136,9692.832143
2020-05-15 09:30:00,27.516727866666667,39.136326,0.2492484,9,30,136,7511.4000001
2020-05-15 09:45:00,27.450107666666668,40.93057693333333,0.5412059773333334,9,45,136,15793.1124999
2020-05-15 10:00:00,28.632191866666663,52.5477356,0.670675372,10,0,136,17896.7982142
2020-05-15 10:15:00,28.768912733333337,47.633738,0.5722834766666666,10,15,136,15531.95
2020-05-15 10:30:00,29.35144260000001,49.249723266666656,0.4551483833333333,10,30,136,12648.5917859
2020-05-15 10:45:00,28.854707866666665,44.048325600000005,0.3619616539999999,10,45,136,11091.6289285
2020-05-15 11:00:00,29.410819333333336,47.68545339999999,0.6365608813333332,11,0,136,18936.5592845
2020-05-15 11:15:00,30.21606228571428,50.006988571428565,0.5857872135714286,11,15,136,15683.7136904
2020-05-15 11:30:00,30.2870728,49.8413636,0.5570693833333333,11,30,136,15207.2839286
2020-05-15 11:45:00,30.811049333333333,47.8363832,0.4679868693333333,11,45,136,16401.5892857
2020-05-15 12:00:00,31.305375066666663,49.183583533333326,0.5149625866666667,12,0,136,15250.8083332
2020-05-15 12:15:00,31.50729773333333,49.84449266666666,0.7878660286666666,12,15,136,20477.0178565
2020-05-15 12:30:00,32.147684733333335,52.35325513333333,0.6492476293333334,12,30,136,19341.707142
2020-05-15 12:45:00,32.39142040000001,50.631239933333326,0.761243312,12,45,136,20470.8976196
2020-05-15 13:00:00,32.622796071428574,49.610767714285714,0.4160351014285714,13,0,136,12721.8767857
2020-05-15 13:15:00,32.49706446666666,47.01116133333333,0.489243946,13,15,136,14665.9857143
2020-05-15 13:30:00,32.52462140000001,46.66986293333333,0.574561224,13,30,136,17185.6589285
2020-05-15 13:45:00,32.67847086666667,47.516884133333335,0.560985624,13,45,136,16736.7428575
2020-05-15 14:00:00,33.763185400000005,49.80390433333333,0.7350834633333333,14,0,136,21747.0660709
2020-05-15 14:15:00,34.13076993333335,55.030613,0.8936614913333333,14,15,136,25352.546429
2020-05-15 14:30:00,34.08138426666667,54.51913673333334,0.466788824,14,30,136,13989.1960714
2020-05-15 14:45:00,33.69572221428571,47.618194642857134,0.5421384957142857,14,45,136,15723.0553573
2020-05-15 15:00:00,33.89057606666666,46.02908119999999,0.3988885433333333,15,0,136,12603.7660715
2020-05-15 15:15:00,34.043744000000004,44.28609193333333,0.4472921486666666,15,15,136,14031.0267857
2020-05-15 15:30:00,34.40285233333333,46.7442812,0.5651963973333332,15,30,136,16342.9196427
2020-05-15 15:45:00,34.430942666666674,43.9206158,0.3462306933333333,15,45,136,10543.7660713
2020-05-15 16:00:00,34.38115033333334,43.332853333333325,0.3581823699999999,16,0,136,10704.0232143
2020-05-15 16:15:00,34.12625693333333,41.007431933333336,0.3288961193333332,16,15,136,9763.4464286
2020-05-15 16:30:00,34.35660993333333,41.28059066666666,0.344954196,16,30,136,10210.6642856
2020-05-15 16:45:00,33.86159653333333,39.419075933333325,0.260346758,16,45,136,7643.7595239
2020-05-15 17:00:00,33.443313571428575,36.82670364285714,0.1668127414285714,17,0,136,4894.9928571
2020-05-15 17:15:00,33.30025473333334,35.852207400000005,0.1738986373333333,17,15,136,4875.0053572
2020-05-15 17:30:00,33.03212220000001,34.3384004,0.08716189,17,30,136,2558.0166667
2020-05-15 17:45:00,32.311871133333334,31.54853933333333,0.0384030336,17,45,136,1102.00535715
2020-05-15 18:00:00,31.13241364285714,30.225331,0.0225449364285714,18,0,136,628.37678572
2020-05-15 18:15:00,29.243110933333337,28.6825074,0.00914994484,18,15,136,212.151785715
2020-05-15 18:30:00,28.495518,27.285992266666668,0.001841024544,18,30,136,0.0
2020-05-15 18:45:00,27.8840638,25.96194653333333,0.0,18,45,136,0.0
2020-05-15 21:15:00,22.1193604,20.632086200000003,0.0,21,15,136,0.0
2020-05-15 21:30:00,22.221250333333334,20.75869966666667,0.0,21,30,136,0.0
2020-05-15 21:45:00,22.236828466666665,20.914416666666668,0.0,21,45,136,0.0
2020-05-15 22:00:00,22.22185842857143,20.895703928571425,0.0,22,0,136,0.0
2020-05-15 22:15:00,22.149312533333333,20.732185866666665,0.0,22,15,136,0.0
2020-05-15 22:30:00,22.104713866666668,20.82985206666667,0.0,22,30,136,0.0
2020-05-15 22:45:00,22.057079933333338,21.072275666666663,0.0,22,45,136,0.0
2020-05-15 23:00:00,22.23601830769231,21.241316538461536,0.0,23,0,136,0.0
2020-05-16 02:15:00,21.6884114,19.9192038,0.0,2,15,137,0.0
2020-05-16 02:30:00,21.510408533333337,19.59269193333333,0.0,2,30,137,0.0
2020-05-16 02:45:00,21.496287,19.6248698,0.0,2,45,137,0.0
2020-05-16 03:00:00,21.6459126,20.065205933333328,0.0,3,0,137,0.0
2020-05-16 03:15:00,21.674314200000005,20.11216013333333,0.0,3,15,137,0.0
2020-05-16 03:30:00,21.73142093333333,20.351884,0.0,3,30,137,0.0
2020-05-16 03:45:00,21.78016573333333,20.50589406666667,0.0,3,45,137,0.0
2020-05-16 04:00:00,21.85855535714285,20.81391042857143,0.0,4,0,137,0.0
2020-05-16 04:15:00,21.89991073333333,20.712640333333333,0.0,4,15,137,0.0
2020-05-16 04:30:00,21.92704853333333,20.72603773333333,0.0,4,30,137,0.0
2020-05-16 04:45:00,22.028684400000003,20.796402866666664,0.0,4,45,137,0.0
2020-05-16 05:00:00,21.93278,20.6822592,0.0,5,0,137,0.0
2020-05-16 05:15:00,21.866251666666663,20.472369333333333,0.0,5,15,137,0.0
2020-05-16 05:30:00,21.876585066666664,20.760192866666667,0.0,5,30,137,0.0
2020-05-16 05:45:00,21.959989266666664,20.5434348,0.0001471694642,5,45,137,0.0
2020-05-16 06:00:00,21.9232375,20.25681407142857,0.0062059593785714,6,0,137,109.162500001
2020-05-16 06:15:00,21.860400400000003,20.4303872,0.0236337368666666,6,15,137,722.4499999999999
2020-05-16 06:30:00,21.985833666666664,21.195638,0.0495149681333333,6,30,137,1505.28571429
2020-05-16 06:45:00,22.13967073333333,22.189410333333328,0.0792696434666666,6,45,137,2414.7017856
2020-05-16 07:00:00,22.45271393333333,23.1112346,0.1090379683333333,7,0,137,3337.7285714
2020-05-16 07:15:00,22.6524518,24.241701266666663,0.1381154516666666,7,15,137,4249.375
2020-05-16 07:30:00,22.97513853333333,25.668487533333334,0.1741175246666666,7,30,137,5338.8321429
2020-05-16 07:45:00,23.38855407142857,27.937476071428577,0.2436428057142857,7,45,137,7404.7499999
2020-05-16 08:00:00,23.8905234,30.79129613333333,0.2980529893333333,8,0,137,9070.4714286
2020-05-16 08:15:00,24.42785433333333,33.0092104,0.3386504113333334,8,15,137,10321.0410714
2020-05-16 08:30:00,25.166898466666662,36.606188800000005,0.4275489526666667,8,30,137,12793.2142858
2020-05-16 08:45:00,25.757175666666665,38.892010733333336,0.4700814853333333,8,45,137,13958.0767856
2020-05-16 09:00:00,25.999422266666667,38.70590013333334,0.4611857686666666,9,0,137,13808.6267858
2020-05-16 09:15:00,26.297007333333337,39.343784466666655,0.41958991,9,15,137,12505.0464286
2020-05-16 09:30:00,26.59366866666667,39.879952333333335,0.420493884,9,30,137,12717.1303571
2020-05-16 09:45:00,27.030969466666665,41.825665333333326,0.5405936786666665,9,45,137,15778.1428572
2020-05-16 10:00:00,27.611354533333337,46.072651933333326,0.491453022,10,0,137,15823.0624999
2020-05-16 10:15:00,27.93121328571429,44.468571,0.4697288307142857,10,15,137,15370.6178572
2020-05-16 10:30:00,28.2829874,48.962665,0.654436842,10,30,137,20231.7249999
2020-05-16 10:45:00,28.78232633333333,50.154118,0.5955213746666665,10,45,137,17914.6571428
2020-05-16 11:00:00,29.1554974,49.15606886666666,0.5752638966666666,11,0,137,17355.6821429
2020-05-16 11:15:00,29.3643758,48.12385466666667,0.5423748746666666,11,15,137,16382.2249999
2020-05-16 11:30:00,29.6892496,46.51825533333333,0.4934305533333333,11,30,137,15434.8267857
2020-05-16 11:45:00,29.8473918,47.0438902,0.62278731,11,45,137,19073.2285713
2020-05-16 12:00:00,30.089862066666665,50.091819333333326,0.6620043019999999,12,0,137,19409.3839285
2020-05-16 12:15:00,30.376898714285712,48.67528185714285,0.5404251285714285,12,15,137,16146.9214285
2020-05-16 12:30:00,30.8864686,50.44957046666666,0.76711941,12,30,137,22351.0714279
2020-05-16 12:45:00,31.2210448,54.23274553333334,0.8122406413333334,12,45,137,23955.614285
2020-05-16 13:00:00,31.31397713333333,52.8518024,0.636164586,13,0,137,18721.4178572
2020-05-16 13:15:00,31.66299653333333,52.0534832,0.7332435986666667,13,15,137,22843.682144
2020-05-16 13:30:00,31.617256666666663,49.747872,0.5838647386666667,13,30,137,18158.7285714
2020-05-16 13:45:00,31.3661072,47.2997298,0.5023924839999999,13,45,137,15212.2035714
2020-05-16 14:00:00,31.42362873333333,46.57489593333333,0.435684946,14,0,137,13548.9964284
2020-05-16 14:15:00,31.98976833333333,47.82889013333333,0.5959771373333332,14,15,137,18380.15
2020-05-16 14:30:00,32.24326421428572,48.35548621428571,0.5345009864285714,14,30,137,16046.5160714
2020-05-16 14:45:00,32.3501976,46.20359726666666,0.5149644066666667,14,45,137,15714.4446429
2020-05-16 15:00:00,32.436879733333335,45.77020906666667,0.5036263826666665,15,0,137,15448.5982142
2020-05-16 15:15:00,32.52414946666667,45.840537533333325,0.419735824,15,15,137,12795.3446429
2020-05-16 15:30:00,32.328025399999994,43.170092666666655,0.349962358,15,30,137,10918.8928573
2020-05-16 15:45:00,32.103391466666665,39.814438866666656,0.261408532,15,45,137,8340.4500001
2020-05-16 16:00:00,32.029101733333334,37.712012,0.2276812526666666,16,0,137,7303.142857
2020-05-16 16:15:00,31.9597596,36.301157466666666,0.191869824,16,15,137,6150.5053572
2020-05-16 16:30:00,31.90710457142857,35.77269607142857,0.1755969835714285,16,30,137,5608.7553573
2020-05-16 16:45:00,31.88745533333333,34.781236066666665,0.150128168,16,45,137,4775.5607142
2020-05-16 17:00:00,31.747082466666665,33.73915806666666,0.1337432077333333,17,0,137,4240.2982144
2020-05-16 17:15:00,31.540801866666666,32.74589640000001,0.109053603,17,15,137,3448.0714285
2020-05-16 17:30:00,31.300166866666668,31.599767866666667,0.0795873111333333,17,30,137,2516.7553571
2020-05-16 17:45:00,31.0485982,30.124161733333327,0.0504507636666666,17,45,137,1603.10178571
2020-05-16 18:00:00,30.311684133333333,28.36227433333333,0.0262128633333333,18,0,137,833.82857144
2020-05-16 18:15:00,29.54822573333333,26.94033806666667,0.0088122812133333,18,15,137,267.32500001
2020-05-16 18:30:00,28.97306333333333,25.9079486,0.00035944967324,18,30,137,0.0
2020-05-16 18:45:00,28.6859842,25.503218533333328,0.0,18,45,137,0.0
2020-05-16 19:00:00,28.310195785714285,25.379072142857144,0.0,19,0,137,0.0
2020-05-16 19:15:00,27.9578898,25.1996236,0.0,19,15,137,0.0
2020-05-16 19:30:00,27.57085773333333,25.1651774,0.0,19,30,137,0.0
2020-05-16 19:45:00,27.256431,24.9509702,0.0,19,45,137,0.0
2020-05-16 20:00:00,26.941198600000003,24.4972452,0.0,20,0,137,0.0
2020-05-16 20:15:00,26.701993733333328,24.079714066666664,0.0,20,15,137,0.0
2020-05-16 20:30:00,26.483793,23.827305133333336,0.0,20,30,137,0.0
2020-05-16 20:45:00,26.312024857142852,23.62220114285714,0.0,20,45,137,0.0
2020-05-16 21:00:00,26.0082478,23.321525066666663,0.0,21,0,137,0.0
2020-05-16 21:15:00,25.61655473333333,22.952588,0.0,21,15,137,0.0
2020-05-16 21:30:00,25.28644193333333,22.64899693333333,0.0,21,30,137,0.0
2020-05-16 21:45:00,25.1239094,22.43270273333333,0.0,21,45,137,0.0
2020-05-16 22:00:00,25.0534728,22.2860412,0.0,22,0,137,0.0
2020-05-16 22:15:00,24.8400106,22.0829142,0.0,22,15,137,0.0
2020-05-16 22:30:00,24.612066533333333,21.97715853333333,0.0,22,30,137,0.0
2020-05-16 22:45:00,24.492980857142857,22.052697285714284,0.0,22,45,137,0.0
2020-05-16 23:00:00,24.461625066666663,22.18635246666667,0.0,23,0,137,0.0
2020-05-16 23:15:00,24.39256806666667,22.2029236,0.0,23,15,137,0.0
2020-05-16 23:30:00,24.3780212,22.112622066666667,0.0,23,30,137,0.0
2020-05-16 23:45:00,24.2493468,21.814211066666665,0.0,23,45,137,0.0
2020-05-17 00:00:00,24.170165933333333,21.63149,0.0,0,0,138,0.0
2020-05-17 00:15:00,24.011531466666668,21.6482788,0.0,0,15,138,0.0
2020-05-17 00:30:00,23.8949484,21.48822633333333,0.0,0,30,138,0.0
2020-05-17 00:45:00,23.936809,21.515644642857144,0.0,0,45,138,0.0
2020-05-17 01:00:00,23.879315066666667,21.539557066666667,0.0,1,0,138,0.0
2020-05-17 01:15:00,23.75795086666667,21.39526566666667,0.0,1,15,138,0.0
2020-05-17 01:30:00,23.732131937500004,21.8714694375,0.0,1,30,138,0.0
2020-05-17 01:45:00,23.726536066666668,21.646289066666665,0.0,1,45,138,0.0
2020-05-17 02:00:00,23.5248778,21.337225266666668,0.0,2,0,138,0.0
2020-05-17 02:15:00,23.45815413333333,21.357688333333336,0.0,2,15,138,0.0
2020-05-17 02:30:00,23.3887412,21.382649866666668,0.0,2,30,138,0.0
2020-05-17 02:45:00,23.265284928571425,21.255172642857147,0.0,2,45,138,0.0
2020-05-17 03:00:00,23.317295400000003,21.500791266666663,0.0,3,0,138,0.0
2020-05-17 03:15:00,23.213891600000004,21.4639018,0.0,3,15,138,0.0
2020-05-17 03:30:00,22.9518738,20.877089466666664,0.0,3,30,138,0.0
2020-05-17 03:45:00,22.941931,20.8091066,0.0,3,45,138,0.0
2020-05-17 04:00:00,22.86391193333333,20.755200200000004,0.0,4,0,138,0.0
2020-05-17 04:15:00,22.822157866666668,20.885530466666665,0.0,4,15,138,0.0
2020-05-17 04:30:00,22.8671814,21.154836066666668,0.0,4,30,138,0.0
2020-05-17 04:45:00,22.746960466666668,21.0750916,0.0,4,45,138,0.0
2020-05-17 05:00:00,22.567999266666664,20.847640066666667,0.0,5,0,138,0.0
2020-05-17 05:15:00,22.572514071428568,20.91312521428572,0.0,5,15,138,0.0
2020-05-17 05:30:00,22.549147400000003,21.070228933333333,0.0,5,30,138,0.0
2020-05-17 05:45:00,22.5879394,21.22639153333333,0.000333454882,5,45,138,0.0
2020-05-17 06:00:00,22.69311313333333,21.416339066666666,0.00478462602,6,0,138,3.2625
2020-05-17 06:15:00,22.79481626666667,21.689546733333334,0.0123497075333333,6,15,138,259.15714286
2020-05-17 06:30:00,22.685673066666663,21.89033826666667,0.0341808814,6,30,138,963.41428573
2020-05-17 06:45:00,22.94856573333333,22.59763193333333,0.0679046076,6,45,138,1883.04464287
2020-05-17 07:00:00,23.29249893333333,23.8324564,0.1069960559333333,7,0,138,3034.2642858
2020-05-17 07:15:00,23.61099233333333,25.83404733333333,0.1964333966666666,7,15,138,5296.4375
2020-05-17 07:30:00,23.908458142857143,27.4991695,0.2219224921428571,7,30,138,6154.7196431
2020-05-17 07:45:00,24.331876666666663,30.97835493333333,0.3224647546666666,7,45,138,9265.5714285
2020-05-17 08:00:00,25.0617614,34.63271466666667,0.3787024119999999,8,0,138,10929.7982145
2020-05-17 08:15:00,25.646803733333336,37.81797673333334,0.3835502693333333,8,15,138,11135.2946429
2020-05-17 08:30:00,26.14622593333333,40.326182133333326,0.4169753466666666,8,30,138,12057.8107142
2020-05-17 08:45:00,27.030932600000003,44.45619293333334,0.561811632,8,45,138,16134.9196428
2020-05-17 09:00:00,27.683191,48.176432,0.5760844593333334,9,0,138,16595.9624999
2020-05-17 09:15:00,27.985940285714285,45.11740971428571,0.4417064292857143,9,15,138,13991.1553571
2020-05-17 09:30:00,28.59910273333333,46.90497853333333,0.626964662,9,30,138,17965.3107143
2020-05-17 09:45:00,29.23562,49.9406148,0.7723580713333332,9,45,138,22218.2303581
2020-05-17 10:00:00,30.091312666666663,52.08946933333333,0.7535374446666667,10,0,138,21149.9892858
2020-05-17 10:15:00,30.02618813333333,48.932501133333325,0.7175451686666666,10,15,138,20861.5571429
2020-05-17 10:30:00,30.158901066666665,50.718400200000005,0.685881602,10,30,138,21990.9107148
2020-05-17 10:45:00,31.06742553333333,55.4462772,0.8551090753333334,10,45,138,24634.428573
2020-05-17 11:00:00,31.16485806666667,55.28936173333333,0.8123890526666666,11,0,138,23719.482142
2020-05-17 11:15:00,31.53113,60.208569533333325,0.997903636,11,15,138,27034.6321414
2020-05-17 11:30:00,32.317808071428566,63.145581571428565,0.97745754,11,30,138,26224.062501
2020-05-17 11:45:00,32.5278644,61.80199160000001,0.869908956,11,45,138,23074.4815471
2020-05-17 12:00:00,32.495967666666665,56.101076266666674,0.635450962,12,0,138,17569.6803573
2020-05-17 12:15:00,32.98554906666667,55.0942282,0.7835893886666667,12,15,138,22708.0482142
2020-05-17 12:30:00,33.10833713333334,56.4158632,0.6696705126666667,12,30,138,17951.9339283
2020-05-17 12:45:00,33.64918780000001,56.556677533333335,0.8371243526666667,12,45,138,22497.8178564
2020-05-17 13:00:00,33.88692626666666,53.80755813333333,0.4224988753333333,13,0,138,12658.4035713
2020-05-17 13:15:00,33.053440333333334,43.3909484,0.4517712339999999,13,15,138,13890.5089286
2020-05-17 13:30:00,33.727413,54.2896504,0.7428897426666667,13,30,138,21993.3232134
2020-05-17 13:45:00,34.05229864285714,52.027917142857135,0.6250849942857142,13,45,138,18266.875
2020-05-17 14:00:00,34.48483913333333,55.32990506666666,0.6977725753333333,14,0,138,19093.9589284
2020-05-17 14:15:00,34.304164533333335,47.853904533333335,0.4311784306666666,14,15,138,12450.1464286
2020-05-17 14:30:00,34.02411533333334,44.905969266666666,0.3150899026666667,14,30,138,8580.1267855
2020-05-17 14:45:00,34.147082733333335,47.63582766666666,0.6598271179999999,14,45,138,20508.2392859
2020-05-17 15:00:00,35.109771733333325,54.05481966666666,0.6836362013333332,15,0,138,19932.6107144
2020-05-17 15:15:00,35.25248613333334,49.98867166666666,0.5102416726666666,15,15,138,15414.2660713
2020-05-17 15:30:00,34.98165257142857,49.41860521428572,0.5909004857142856,15,30,138,17053.4535714
2020-05-17 15:45:00,34.6127872,43.38971593333332,0.289312882,15,45,138,9080.1107143
2020-05-17 16:00:00,34.73750799999999,44.045326466666666,0.4533658826666666,16,0,138,13724.5607143
2020-05-17 16:15:00,31.03193885714285,39.526938357142846,0.3384331157142856,16,15,138,10094.6898811
2020-05-17 16:30:00,29.56562293333333,36.276623400000005,0.2913128866666666,16,30,138,9136.1446428
2020-05-17 16:45:00,29.363769533333336,35.604502399999994,0.257869254,16,45,138,8045.3589286
2020-05-17 17:00:00,28.750748666666663,32.94330453333333,0.1410015502666666,17,0,138,4395.6089285
2020-05-17 17:15:00,28.2966472,30.6336732,0.1170341706666666,17,15,138,3597.6303569
2020-05-17 17:30:00,27.601739071428568,29.47836742857143,0.0945128417142857,17,30,138,2934.0232143
2020-05-17 17:45:00,26.728900000000003,27.917517000000004,0.0617229363333333,17,45,138,1867.34285714
2020-05-17 18:00:00,26.354187066666668,26.4137554,0.0236255477666666,18,0,138,674.78035714
2020-05-17 18:15:00,26.136122600000004,25.373767200000003,0.0103677880266666,18,15,138,277.84821429
2020-05-17 18:30:00,26.141086733333328,25.04768066666667,0.0008371204092466,18,30,138,0.0
2020-05-17 18:45:00,25.99661440000001,24.617095866666663,0.0,18,45,138,0.0
2020-05-17 19:00:00,25.8602378,24.0412028,0.0,19,0,138,0.0
2020-05-17 19:15:00,25.983874333333333,24.02473346666667,0.0,19,15,138,0.0
2020-05-17 19:30:00,25.908121666666663,24.07766726666668,0.0,19,30,138,0.0
2020-05-17 19:45:00,25.816386571428573,24.16028707142857,0.0,19,45,138,0.0
2020-05-17 20:00:00,25.671177266666668,24.322601266666663,0.0,20,0,138,0.0
2020-05-17 20:15:00,25.501432266666665,23.832798466666663,0.0,20,15,138,0.0
2020-05-17 20:30:00,25.29024046666667,23.789335066666663,0.0,20,30,138,0.0
2020-05-17 20:45:00,25.28608,24.130078200000003,0.0,20,45,138,0.0
2020-05-17 21:00:00,25.382098400000004,24.566923,0.0,21,0,138,0.0
2020-05-17 21:15:00,22.50401006666667,21.093290266666667,0.0,21,15,138,0.0
2020-05-17 21:30:00,21.507785933333327,20.427958,0.0,21,30,138,0.0
2020-05-17 21:45:00,21.294806357142853,20.37712092857143,0.0,21,45,138,0.0
2020-05-17 22:00:00,21.23754673333333,20.449766,0.0,22,0,138,0.0
2020-05-17 22:15:00,21.260813466666665,20.511558,0.0,22,15,138,0.0
2020-05-17 22:30:00,21.314433,20.633658733333327,0.0,22,30,138,0.0
2020-05-17 22:45:00,21.31589153333333,20.690883266666667,0.0,22,45,138,0.0
2020-05-17 23:00:00,21.2205322,20.590588399999994,0.0,23,0,138,0.0
2020-05-17 23:15:00,21.216575066666667,20.6353922,0.0,23,15,138,0.0
2020-05-17 23:30:00,21.273112,20.632493266666668,0.0,23,30,138,0.0
2020-05-17 23:45:00,21.209418285714285,20.56311471428572,0.0,23,45,138,0.0
2020-05-18 00:00:00,21.1556906,20.59939973333333,0.0,0,0,139,0.0
2020-05-18 00:15:00,21.0414368,20.475962266666667,0.0,0,15,139,0.0
2020-05-18 00:30:00,21.14206753333333,20.531305,0.0,0,30,139,0.0
2020-05-18 00:45:00,21.13725773333333,20.533317066666665,0.0,0,45,139,0.0
2020-05-18 01:00:00,21.070792666666662,20.480647866666665,0.0,1,0,139,0.0
2020-05-18 01:15:00,20.989664666666663,20.38562406666667,0.0,1,15,139,0.0
2020-05-18 01:30:00,20.983842,20.376831,0.0,1,30,139,0.0
2020-05-18 01:45:00,21.027005866666663,20.393176200000003,0.0,1,45,139,0.0
2020-05-18 02:00:00,20.969343142857145,20.333884,0.0,2,0,139,0.0
2020-05-18 02:15:00,21.007230733333337,20.224764,0.0,2,15,139,0.0
2020-05-18 02:30:00,21.13065793333333,20.224632,0.0,2,30,139,0.0
2020-05-18 02:45:00,21.211199999999995,20.258032333333333,0.0,2,45,139,0.0
2020-05-18 03:00:00,21.25834353333333,20.346830266666668,0.0,3,0,139,0.0
2020-05-18 03:15:00,21.351094533333328,20.8456686,0.0,3,15,139,0.0
2020-05-18 03:30:00,21.370375666666664,21.00739133333333,0.0,3,30,139,0.0
2020-05-18 03:45:00,21.3891804,20.86159873333333,0.0,3,45,139,0.0
2020-05-18 04:00:00,21.4589906,20.88282673333333,0.0,4,0,139,0.0
2020-05-18 04:15:00,21.18773193333333,20.365230333333333,0.0,4,15,139,0.0
2020-05-18 04:30:00,21.036965428571428,19.75568707142857,0.0,4,30,139,0.0
2020-05-18 04:45:00,20.961525466666664,19.47753106666667,0.0,4,45,139,0.0
2020-05-18 05:00:00,21.00024833333333,19.778517666666666,0.0,5,0,139,0.0
2020-05-18 05:15:00,21.127661266666664,20.065865,0.0,5,15,139,0.0
2020-05-18 05:30:00,21.194393066666667,20.01042266666667,0.0,5,30,139,0.0
2020-05-18 05:45:00,21.265387133333327,19.97623313333333,0.0005199656633333,5,45,139,0.0
2020-05-18 06:00:00,21.30836173333333,20.28832386666667,0.00859414896,6,0,139,153.528571429
2020-05-18 06:15:00,21.431498266666665,20.859558,0.0283668289333333,6,15,139,814.88035716
2020-05-18 06:30:00,21.610323285714287,21.56044657142857,0.0539561357142857,6,30,139,1593.39999999
2020-05-18 06:45:00,21.672629800000003,22.11884373333333,0.0805502275333333,6,45,139,2450.3089287
2020-05-18 07:00:00,21.834507400000003,23.14069626666667,0.1175455726666666,7,0,139,3629.3196429
2020-05-18 07:15:00,22.19873053333333,25.319020466666665,0.187030046,7,15,139,5754.5964286
2020-05-18 07:30:00,22.696124266666665,28.3609558,0.2446230293333333,7,30,139,7457.6535716
2020-05-18 07:45:00,23.109639466666664,29.0602518,0.119259876,7,45,139,3818.7375
2020-05-18 08:00:00,23.232289466666664,26.9630168,0.0829558039333333,8,0,139,2718.2392857
2020-05-18 08:15:00,23.337219066666663,26.20634773333333,0.0897481783333333,8,15,139,2958.9553572
2020-05-18 08:30:00,23.50864866666667,26.8290996,0.1180922946666666,8,30,139,3928.7928572
2020-05-18 08:45:00,23.5459355,27.599182000000003,0.1246440646428571,8,45,139,4149.9160714
2020-05-18 09:00:00,23.7412598,27.86075853333333,0.1154349828,9,0,139,3821.5053571
2020-05-18 09:15:00,23.763322,27.507177666666667,0.1104082978666666,9,15,139,3705.2410715
2020-05-18 09:30:00,23.76201373333333,27.197131266666663,0.0963806904,9,30,139,3203.3714285
2020-05-18 09:45:00,23.76213573333333,26.630550000000003,0.0992951618,9,45,139,3284.105357
2020-05-18 10:00:00,23.8746256,26.81340946666667,0.112813087,10,0,139,3775.05
2020-05-18 10:15:00,23.838385,27.240083733333336,0.1422467350666666,10,15,139,4774.0821429
2020-05-18 10:30:00,24.006947666666665,28.83434853333333,0.20888875,10,30,139,6927.0553572
2020-05-18 10:45:00,24.324541357142856,32.964675928571424,0.374390925,10,45,139,12167.5482142
2020-05-18 11:00:00,24.86980793333333,37.53728039999999,0.4349046853333333,11,0,139,13834.6339287
2020-05-18 11:15:00,25.1295838,39.552423133333335,0.4847505873333333,11,15,139,15321.2107143
2020-05-18 11:30:00,25.289666666666665,38.92812506666666,0.3514650546666666,11,30,139,11245.5267856
2020-05-18 11:45:00,25.215167266666665,37.6112162,0.4148831933333333,11,45,139,13330.3035716
2020-05-18 12:00:00,25.70663053333333,41.3690166,0.5623129906666666,12,0,139,17608.1660714
2020-05-18 12:15:00,26.310502066666665,46.148805933333335,0.6032151686666668,12,15,139,18485.182143
2020-05-18 12:30:00,26.840596666666663,45.97044666666666,0.5932437233333331,12,30,139,18252.9999999
2020-05-18 12:45:00,26.93235466666667,44.0610454,0.5511298453333334,12,45,139,17113.6928571
2020-05-18 13:00:00,27.019004333333328,45.002500266666665,0.5673698246666667,13,0,139,17358.6875
2020-05-18 13:15:00,27.123125214285714,43.86432764285714,0.7228268242857143,13,15,139,21126.5089285
2020-05-18 13:30:00,27.371873,49.5876018,0.8068469279999999,13,30,139,24320.0875
2020-05-18 13:45:00,27.86127913333333,52.84501126666667,0.97148052,13,45,139,27601.919643
2020-05-18 14:00:00,28.367100066666666,53.9367392,0.7235532206666667,14,0,139,20617.3910709
2020-05-18 14:15:00,27.717987066666662,42.515350533333326,0.344136892,14,15,139,10698.3214286
2020-05-18 14:30:00,27.390254733333336,39.45489506666667,0.453461884,14,30,139,14196.6125
2020-05-18 14:45:00,27.21775093333333,38.819875,0.4386813753333332,14,45,139,13657.8089286
2020-05-18 15:00:00,27.2929586,41.94669766666666,0.5478691779999999,15,0,139,16816.5267857
2020-05-18 15:15:00,27.22515273333333,42.82454406666666,0.555787044,15,15,139,17090.8357142
2020-05-18 15:30:00,27.56823728571429,43.82351471428571,0.52508064,15,30,139,16215.6071431
2020-05-18 15:45:00,27.814182533333334,43.054219466666666,0.496169466,15,45,139,15143.7982143
2020-05-18 16:00:00,27.823516666666663,40.7451396,0.4127974533333334,16,0,139,12760.117857
2020-05-18 16:15:00,27.479427066666663,37.63392773333333,0.299364092,16,15,139,9176.6285715
2020-05-18 16:30:00,27.230830933333333,34.6317082,0.2568065713333334,16,30,139,8010.3750001
2020-05-18 16:45:00,27.048868933333328,32.782216333333324,0.1971915986666666,16,45,139,6254.0428572
2020-05-18 17:00:00,26.624064000000004,30.85439253333333,0.1492800746666666,17,0,139,4791.9446428
2020-05-18 17:15:00,26.434037266666667,29.21453033333333,0.1109690122,17,15,139,3576.0178571
2020-05-18 17:30:00,26.11982735714286,27.81455535714285,0.0775804512142857,17,30,139,2452.0303572
2020-05-18 17:45:00,25.6725036,26.492338066666665,0.0509663638,17,45,139,1567.8125
2020-05-18 18:00:00,25.250388666666662,25.3468934,0.0307901562666666,18,0,139,905.02142858
2020-05-18 18:15:00,24.9734254,24.41195066666667,0.0139073641466666,18,15,139,351.88392856
2020-05-18 18:30:00,24.746293133333328,23.71588746666667,0.0019180998580666,18,30,139,1.725
2020-05-18 18:45:00,24.62904473333333,23.3245056,0.0,18,45,139,0.0
2020-05-18 19:00:00,24.541290266666667,23.18553866666667,0.0,19,0,139,0.0
2020-05-18 19:15:00,24.498402866666662,23.097552533333328,0.0,19,15,139,0.0
2020-05-18 19:30:00,24.466125533333333,23.028159666666667,0.0,19,30,139,0.0
2020-05-18 19:45:00,24.412616,22.996329666666664,0.0,19,45,139,0.0
2020-05-18 20:00:00,24.3377575,22.61223907142857,0.0,20,0,139,0.0
2020-05-18 20:15:00,24.169771333333333,21.926884066666663,0.0,20,15,139,0.0
2020-05-18 20:30:00,24.05134873333333,21.943363466666668,0.0,20,30,139,0.0
2020-05-18 20:45:00,23.8982564,21.728692533333327,0.0,20,45,139,0.0
2020-05-18 21:00:00,23.72655033333333,21.563179466666668,0.0,21,0,139,0.0
2020-05-18 21:15:00,23.632824666666664,21.526403933333327,0.0,21,15,139,0.0
2020-05-18 21:30:00,23.644559666666662,21.496999066666667,0.0,21,30,139,0.0
2020-05-18 21:45:00,23.303951066666663,21.16139933333333,0.0,21,45,139,0.0
2020-05-18 22:00:00,23.088842866666667,20.913444,0.0,22,0,139,0.0
2020-05-18 22:15:00,22.913321142857136,20.759881142857136,0.0,22,15,139,0.0
2020-05-18 22:30:00,22.8502136,20.73205366666667,0.0,22,30,139,0.0
2020-05-18 22:45:00,22.8157798,20.72792366666667,0.0,22,45,139,0.0
2020-05-18 23:00:00,22.787469466666668,20.8693136,0.0,23,0,139,0.0
2020-05-18 23:15:00,22.8566712,21.085955733333336,0.0,23,15,139,0.0
2020-05-18 23:30:00,22.750575866666665,20.816385866666668,0.0,23,30,139,0.0
2020-05-18 23:45:00,22.621004266666663,20.6383708,0.0,23,45,139,0.0
2020-05-19 00:00:00,22.6109822,20.609905933333334,0.0,0,0,140,0.0
2020-05-19 00:15:00,22.54899814285714,20.52987657142857,0.0,0,15,140,0.0
2020-05-19 00:30:00,22.553049733333328,20.4879678,0.0,0,30,140,0.0
2020-05-19 00:45:00,22.56621713333333,20.4848938,0.0,0,45,140,0.0
2020-05-19 01:00:00,22.6252198,20.58671073333333,0.0,1,0,140,0.0
2020-05-19 01:15:00,22.595463066666667,20.627077333333336,0.0,1,15,140,0.0
2020-05-19 01:30:00,22.5935506,20.697031866666663,0.0,1,30,140,0.0
2020-05-19 01:45:00,22.701711000000003,20.7254476,0.0,1,45,140,0.0
2020-05-19 02:00:00,22.759263,20.750472,0.0,2,0,140,0.0
2020-05-19 02:15:00,22.814073785714285,20.771355785714285,0.0,2,15,140,0.0
2020-05-19 02:30:00,22.8776184,20.811470600000003,0.0,2,30,140,0.0
2020-05-19 02:45:00,22.93003146666667,20.8492228,0.0,2,45,140,0.0
2020-05-19 03:00:00,22.953436333333336,20.8419148,0.0,3,0,140,0.0
2020-05-19 03:15:00,23.002309133333327,20.79196993333333,0.0,3,15,140,0.0
2020-05-19 03:30:00,23.0468344,20.812300666666665,0.0,3,30,140,0.0
2020-05-19 03:45:00,23.070223,20.8081972,0.0,3,45,140,0.0
2020-05-19 04:00:00,23.082743266666665,20.7709128,0.0,4,0,140,0.0
2020-05-19 04:15:00,23.19221278571429,20.853243214285712,0.0,4,15,140,0.0
2020-05-19 04:30:00,23.218198666666662,20.8823874,0.0,4,30,140,0.0
2020-05-19 04:45:00,23.269362399999995,20.983366000000004,0.0,4,45,140,0.0
2020-05-19 05:00:00,23.351676466666664,21.251873733333333,0.0,5,0,140,0.0
2020-05-19 05:15:00,23.34258833333333,21.2198508,0.0,5,15,140,0.0
2020-05-19 05:30:00,23.19291173333333,20.93427533333333,0.0,5,30,140,0.0
2020-05-19 05:45:00,23.147200466666668,21.20465293333333,0.0003183178168666,5,45,140,0.0
2020-05-19 06:00:00,23.281386399999995,21.919765266666666,0.00431375216,6,0,140,0.0
2020-05-19 06:15:00,23.34448021428572,22.342457428571432,0.0096971220999999,6,15,140,204.053571435
2020-05-19 06:30:00,23.42726453333333,22.553234866666664,0.0126500733333333,6,30,140,370.38928573
2020-05-19 06:45:00,23.587766400000003,22.965578200000003,0.0467522423333333,6,45,140,1549.08214286
2020-05-19 07:00:00,24.034554,24.97640393333333,0.1720124636666667,7,0,140,5310.1964286
2020-05-19 07:15:00,24.505352933333327,27.033671066666663,0.1875066193333333,7,15,140,5708.1910715
2020-05-19 07:30:00,24.80741786666666,29.581636466666662,0.1886549799999999,7,30,140,5746.0714287
2020-05-19 07:45:00,25.04675513333333,31.106146266666663,0.2351156386666667,7,45,140,7064.1178571
2020-05-19 08:00:00,25.179372266666665,30.78227753333333,0.1312115527333333,8,0,140,3992.2071428
2020-05-19 08:15:00,25.188796928571428,30.107465642857143,0.1940915442857143,8,15,140,5829.2017858
2020-05-19 08:30:00,25.61507166666667,33.972491733333335,0.2977888,8,30,140,9133.0910714
2020-05-19 08:45:00,25.79166053333333,34.815734666666664,0.2735150473333333,8,45,140,8597.3196429
2020-05-19 09:00:00,26.1215332,36.85808506666665,0.386892012,9,0,140,12015.6892857
2020-05-19 09:15:00,26.495521866666664,39.636977133333325,0.4241181026666666,9,15,140,13291.0714284
2020-05-19 09:30:00,27.322759933333337,45.7407144,0.6465474886666664,9,30,140,17974.8910714
2020-05-19 09:45:00,27.51964326666667,46.130108666666665,0.5261106153333333,9,45,140,15068.7267858
2020-05-19 10:00:00,27.60525313333333,43.148862666666666,0.4921659633333334,10,0,140,13941.1571428
2020-05-19 10:15:00,27.712921,43.051186571428566,0.5924935807142857,10,15,140,16859.5285713
2020-05-19 10:30:00,27.89099326666667,44.39553446666666,0.5110362213333333,10,30,140,15028.3714286
2020-05-19 10:45:00,27.81567373333333,43.86323240000001,0.601559176,10,45,140,17947.2732144
2020-05-19 11:00:00,28.1994974,48.014198666666665,0.813000858,11,0,140,22248.7232138
2020-05-19 11:15:00,28.478570533333333,47.685272,0.4994732739999999,11,15,140,15549.0285715
2020-05-19 11:30:00,28.08173375,40.725124125,0.283390025,11,30,140,8755.2333332
2020-05-19 12:30:00,29.644663666666663,49.07784,0.73832813,12,30,140,21206.9666666
2020-05-19 12:45:00,29.9514374,51.408309800000005,0.835832152,12,45,140,24603.55
2020-05-19 13:00:00,30.105845400000003,51.84774173333333,0.7019433013333334,13,0,140,21094.757143
2020-05-19 13:15:00,29.9082072,49.460659,0.5473548466666667,13,15,140,16601.5
2020-05-19 13:30:00,29.60315553333333,44.5125144,0.5306936493333334,13,30,140,16405.4285715
2020-05-19 13:45:00,29.98547573333333,48.13686326666668,0.7212584940000001,13,45,140,21658.1375
2020-05-19 14:00:00,29.9116638,49.188905600000005,0.6448023653333332,14,0,140,19443.3142856
2020-05-19 14:15:00,30.11147635714285,49.456279,0.6824211164285713,14,15,140,20507.975
2020-05-19 14:30:00,30.299320466666668,50.359466600000005,0.730578768,14,30,140,21840.5857136
2020-05-19 14:45:00,30.368632,50.099892,0.702796554,14,45,140,20814.4464286
2020-05-19 15:00:00,30.22064013333333,46.65866706666667,0.5274703919999999,15,0,140,15879.0696429
2020-05-19 15:15:00,30.035451333333327,43.3170714,0.4324710653333333,15,15,140,13037.4642857
2020-05-19 15:30:00,29.785141866666667,40.8995442,0.4500676046666667,15,30,140,14049.475
2020-05-19 15:45:00,29.76168613333333,40.82955953333333,0.3798659046666666,15,45,140,11728.3875
2020-05-19 16:00:00,29.7693278,40.701816533333336,0.4615756146666666,16,0,140,14013.2428571
2020-05-19 16:15:00,29.911296071428573,41.1940265,0.3904150371428571,16,15,140,11412.9875
2020-05-19 20:00:00,22.388783866666664,20.06214393333333,0.0,20,0,140,0.0
2020-05-19 20:15:00,22.85917553333333,20.228641866666667,0.0,20,15,140,0.0
2020-05-19 20:30:00,23.404880666666664,20.62076813333333,0.0,20,30,140,0.0
2020-05-19 20:45:00,23.8672628,21.101176,0.0,20,45,140,0.0
2020-05-19 21:00:00,24.02257421428571,21.449929357142853,0.0,21,0,140,0.0
2020-05-19 21:15:00,24.0037862,21.4630168,0.0,21,15,140,0.0
2020-05-19 21:30:00,23.942895466666663,21.38899133333333,0.0,21,30,140,0.0
2020-05-19 21:45:00,23.8231872,21.24833566666667,0.0,21,45,140,0.0
2020-05-19 22:00:00,23.6713298,21.18211053333333,0.0,22,0,140,0.0
2020-05-19 22:15:00,23.7010498,21.558252,0.0,22,15,140,0.0
2020-05-19 22:30:00,23.560729933333327,21.31796673333333,0.0,22,30,140,0.0
2020-05-19 22:45:00,23.3931456,21.10627453333333,0.0,22,45,140,0.0
2020-05-19 23:00:00,23.23081673333333,20.72144773333333,0.0,23,0,140,0.0
2020-05-19 23:15:00,22.91665021428572,20.368068142857144,0.0,23,15,140,0.0
2020-05-19 23:30:00,22.787917200000003,20.3267742,0.0,23,30,140,0.0
2020-05-19 23:45:00,22.638492866666663,20.2964478,0.0,23,45,140,0.0
2020-05-20 00:00:00,22.46528513333333,20.111122666666663,0.0,0,0,141,0.0
2020-05-20 00:15:00,22.2552064,20.1101744,0.0,0,15,141,0.0
2020-05-20 00:30:00,22.217138666666667,20.21119186666667,0.0,0,30,141,0.0
2020-05-20 00:45:00,22.22257086666667,20.012646533333328,0.0,0,45,141,0.0
2020-05-20 01:00:00,22.19119053333333,20.036071733333333,0.0,1,0,141,0.0
2020-05-20 01:15:00,22.181749642857145,19.998057785714288,0.0,1,15,141,0.0
2020-05-20 01:30:00,22.11587533333333,19.7206116,0.0,1,30,141,0.0
2020-05-20 01:45:00,22.155918266666664,19.795170133333333,0.0,1,45,141,0.0
2020-05-20 02:00:00,22.17514033333333,19.728521666666666,0.0,2,0,141,0.0
2020-05-20 02:15:00,21.9675416,19.439959666666667,0.0,2,15,141,0.0
2020-05-20 02:30:00,21.960974199999995,19.382358533333328,0.0,2,30,141,0.0
2020-05-20 02:45:00,21.9418578,19.304392400000005,0.0,2,45,141,0.0
2020-05-20 03:00:00,21.921218,19.330312066666668,0.0,3,0,141,0.0
2020-05-20 03:15:00,22.009416857142856,19.45787921428571,0.0,3,15,141,0.0
2020-05-20 03:30:00,22.009790133333333,19.52385046666667,0.0,3,30,141,0.0
2020-05-20 03:45:00,22.108852,19.497703,0.0,3,45,141,0.0
2020-05-20 04:00:00,22.133602066666665,19.5210266,0.0,4,0,141,0.0
2020-05-20 04:15:00,22.156953933333337,19.550769066666668,0.0,4,15,141,0.0
2020-05-20 04:30:00,22.119610666666667,19.46474613333333,0.0,4,30,141,0.0
2020-05-20 04:45:00,22.078857466666665,19.3471294,0.0,4,45,141,0.0
2020-05-20 05:00:00,21.985909,19.168965533333328,0.0,5,0,141,0.0
2020-05-20 05:15:00,22.009881600000003,19.145835333333327,0.0,5,15,141,0.0
2020-05-20 05:30:00,21.883616928571428,18.824543357142858,0.0,5,30,141,0.0
2020-05-20 05:45:00,21.506819666666665,18.492340066666667,1.4736836000000004e-05,5,45,141,0.0
2020-05-20 06:00:00,21.3480144,18.811700333333327,0.0090117260933333,6,0,141,214.928571426
2020-05-20 06:15:00,21.70994886666666,19.537300666666667,0.0321055547333333,6,15,141,917.8625
2020-05-20 06:30:00,21.996521066666663,20.094380866666672,0.0510381027333333,6,30,141,1510.38571428
2020-05-20 06:45:00,22.1559958,20.62310193333333,0.0713916354666666,6,45,141,2065.5535715
2020-05-20 07:00:00,22.4990804,21.7430604,0.1320388563333333,7,0,141,3492.794643
2020-05-20 07:15:00,22.93633213333333,23.896433466666668,0.1989128933333333,7,15,141,5417.4321428
2020-05-20 07:30:00,23.434548428571432,26.33118107142857,0.2640124178571428,7,30,141,7418.585714199999
2020-05-20 07:45:00,23.921140466666664,28.769305600000003,0.325195026,7,45,141,9282.3232144
2020-05-20 08:00:00,24.471148666666664,31.939571,0.3905848053333332,8,0,141,11258.394643
2020-05-20 08:15:00,25.124652066666663,35.99217126666667,0.4379202793333333,8,15,141,12735.1410714
2020-05-20 08:30:00,25.56246340000001,38.252356133333336,0.498367802,8,30,141,14616.1517858
2020-05-20 08:45:00,26.212556866666667,40.39654946666667,0.5104697813333334,8,45,141,15052.2303573
2020-05-20 09:00:00,26.4731404,41.65764953333333,0.5750738046666666,9,0,141,16942.8535714
2020-05-20 09:15:00,26.9201314,43.72293526666667,0.6102461506666667,9,15,141,18104.4196428
2020-05-20 09:30:00,27.20111693333333,44.107206266666665,0.6374122793333333,9,30,141,18776.1357143
2020-05-20 09:45:00,27.843497142857142,46.54200971428571,0.7001427807142858,9,45,141,20560.1803573
2020-05-20 10:00:00,28.077587800000003,48.34034806666667,0.7516814453333333,10,0,141,21938.5339287
2020-05-20 10:15:00,28.2830628,49.19147753333333,0.8096695786666664,10,15,141,23596.942858
2020-05-20 10:30:00,28.752504466666664,51.54958113333333,0.8091504293333334,10,30,141,23503.983928
2020-05-20 10:45:00,28.985984333333327,51.476499200000006,0.8148198200000001,10,45,141,23708.1160714
2020-05-20 11:00:00,29.315938266666667,52.12607433333333,0.8488509206666665,11,0,141,24704.103571
2020-05-20 11:15:00,29.735261933333334,53.64847206666667,0.9000696606666667,11,15,141,25928.653571
2020-05-20 11:30:00,29.882983266666667,54.3455892,0.93859401,11,30,141,26904.775
2020-05-20 11:45:00,30.19451906666667,56.65431326666666,0.9129294213333332,11,45,141,26246.678573
2020-05-20 12:00:00,30.521348066666665,56.80053313333334,0.9661854566666668,12,0,141,27154.991071
2020-05-20 12:15:00,30.92911621428572,58.69564164285714,0.9751613035714286,12,15,141,27515.057144
2020-05-20 12:30:00,31.299159800000005,59.367140466666655,0.9678900893333334,12,30,141,27383.037499
2020-05-20 12:45:00,31.34249066666667,58.68839280000001,0.9669222093333332,12,45,141,27250.508928
2020-05-20 13:00:00,31.393697066666668,56.83325393333334,0.8978028199999998,13,0,141,24816.001786
2020-05-20 13:15:00,31.52517981818181,56.276514181818186,0.9024616809090908,13,15,141,26105.956666
2020-05-20 17:30:00,29.3095095,31.839508,0.136164155,17,30,141,3987.0
2020-05-20 17:45:00,28.99113573333333,31.0937296,0.1119324913333333,17,45,141,3334.0160714
2020-05-20 18:00:00,28.524298066666667,29.694879200000003,0.0601320612666666,18,0,141,1767.9125
2020-05-20 18:15:00,27.9674928,27.48501573333333,0.0263529064666666,18,15,141,764.97678572
2020-05-20 18:30:00,27.510428933333333,25.833406533333328,0.0047339318343333,18,30,141,107.948214286
2020-05-20 18:45:00,27.112099785714285,24.68879464285714,9.92009574285714e-05,18,45,141,0.0
2020-05-20 19:00:00,26.715222,24.047064133333333,0.0,19,0,141,0.0
2020-05-20 19:15:00,26.32090453333333,23.7664206,0.0,19,15,141,0.0
2020-05-20 19:30:00,26.058491933333336,23.3778504,0.0,19,30,141,0.0
2020-05-20 19:45:00,25.84102366666667,23.00669146666667,0.0,19,45,141,0.0
2020-05-20 20:00:00,25.68150633333333,22.6908204,0.0,20,0,141,0.0
2020-05-20 20:15:00,25.51622313333333,22.429024266666666,0.0,20,15,141,0.0
2020-05-20 20:30:00,25.282519466666667,22.43654993333333,0.0,20,30,141,0.0
2020-05-20 20:45:00,25.09930633333333,22.31530366666667,0.0,20,45,141,0.0
2020-05-20 21:00:00,24.91609842857143,22.040122,0.0,21,0,141,0.0
2020-05-20 21:15:00,24.820863733333333,22.009299599999995,0.0,21,15,141,0.0
2020-05-20 21:30:00,24.700486200000004,21.877602133333337,0.0,21,30,141,0.0
2020-05-20 21:45:00,24.499195642857146,21.57032992857143,0.0,21,45,141,0.0
2020-05-20 22:00:00,24.3762818,21.520674666666668,0.0,22,0,141,0.0
2020-05-20 22:15:00,24.23611046666667,21.519643,0.0,22,15,141,0.0
2020-05-20 22:30:00,24.14549035714285,21.462666,0.0,22,30,141,0.0
2020-05-20 22:45:00,24.003129,21.269993266666663,0.0,22,45,141,0.0
2020-05-21 07:45:00,23.530553636363635,30.40324263636364,0.3223960490909091,7,45,142,7494.9
2020-05-21 08:00:00,23.96825553333333,33.11916906666667,0.3646781813333333,8,0,142,9250.4966667
2020-05-21 08:15:00,24.447705066666664,36.010386000000004,0.396035358,8,15,142,12291.1392858
2020-05-21 08:30:00,25.058563266666663,39.48617746666665,0.4540012586666666,8,30,142,13966.5142858
2020-05-21 08:45:00,25.4833456,42.19290773333333,0.5583109086666667,8,45,142,16172.8958334
2020-05-21 09:00:00,26.186218200000003,45.974644000000005,0.6302828366666666,9,0,142,17620.9125
2020-05-21 09:15:00,26.82428842857143,48.745747214285714,0.6764482221428572,9,15,142,18832.8660714
2020-05-21 09:30:00,27.489748066666667,49.733946,0.7325971326666667,9,30,142,21140.0642862
2020-05-21 09:45:00,27.690804,51.029305,0.7722379753333333,9,45,142,21510.5482137
2020-05-21 10:00:00,28.20780033333333,53.51720186666666,0.70056636,10,0,142,13093.902857
2020-05-21 10:15:00,28.129876866666663,46.86501033333333,0.5043223273333332,10,15,142,15280.857143
2020-05-21 10:30:00,28.657090266666668,51.68042806666666,0.8154269713333333,10,30,142,20682.8089286
2020-05-21 10:45:00,28.85416453333333,51.79728806666666,0.754716712,10,45,142,22675.6160699
2020-05-21 11:00:00,29.207837,53.292307533333336,0.7235343293333333,11,0,142,22215.9053556
2020-05-21 11:15:00,29.59773042857143,56.443897500000006,1.0389913628571428,11,15,142,27497.275
2020-05-21 11:30:00,30.12836306666667,61.4558144,1.033489496666667,11,30,142,26801.030357
2020-05-21 11:45:00,30.494291133333338,60.050757,0.8877618960000001,11,45,142,25476.7625
2020-05-21 12:00:00,30.676135400000003,57.4164388,0.892777234,12,0,142,23022.4178581
2020-05-21 12:15:00,30.804624466666667,58.6477848,0.8879575373333333,12,15,142,24017.639286
2020-05-21 12:30:00,30.550409,50.88379926666666,0.5801343633333333,12,30,142,17022.3553572
2020-05-21 12:45:00,30.864174466666668,51.88567106666667,0.7466439013333332,12,45,142,21468.7303572
2020-05-21 13:00:00,31.3942708,54.491442600000006,0.8004696066666667,13,0,142,21718.4189286
2020-05-21 13:15:00,31.3498148,55.91095173333333,0.9618199573333333,13,15,142,27574.482143
2020-05-21 13:30:00,31.723678357142852,57.42826607142857,0.7764669535714287,13,30,142,22841.2053559
2020-05-21 13:45:00,31.688391,55.696510800000006,0.8612832686666666,13,45,142,23206.0321439
2020-05-21 14:00:00,32.05471386666667,56.430047733333325,0.741254446,14,0,142,21565.2928583
2020-05-21 14:15:00,31.86826353333333,50.850927733333336,0.632901332,14,15,142,17651.8428571
2020-05-21 14:30:00,31.819928,47.850404733333335,0.4585606919999999,14,30,142,15224.6696429
2020-05-21 14:45:00,31.724595200000003,46.1821414,0.613399808,14,45,142,17829.6678571
2020-05-21 15:00:00,32.33336766666667,52.991542466666665,0.7409205246666666,15,0,142,21476.9744052
2020-05-21 15:15:00,31.9338582,46.44251506666667,0.3559129373333332,15,15,142,11143.3660716
2020-05-21 15:30:00,32.07216542857143,46.25483692857144,0.563544357142857,15,30,142,16031.6928571
2020-05-21 15:45:00,32.14568913333334,45.14951980000001,0.3742929606666666,15,45,142,11498.2624998
2020-05-21 16:00:00,31.600370266666665,40.34497666666666,0.273557416,16,0,142,8509.6142857
2020-05-21 16:15:00,31.0340474,37.6285684,0.2396828633333333,16,15,142,7331.4571427
2020-05-21 16:30:00,30.709979333333337,37.02485793333333,0.3015704806666667,16,30,142,9367.7517859
2020-05-21 16:45:00,30.436910066666663,36.399023133333344,0.1652971236,16,45,142,5326.2446429
2020-05-21 17:00:00,29.904103,31.90951321428572,0.0705414855,17,0,142,2278.0892857
2020-05-21 17:15:00,29.53365073333333,29.722025533333333,0.0500169534,17,15,142,1619.35000001
2020-05-21 17:30:00,29.038175466666665,28.573687866666667,0.039089017,17,30,142,1254.35357143
2020-05-21 17:45:00,28.658781133333328,27.826387666666665,0.0293719444666666,17,45,142,927.33392859
2020-05-21 18:00:00,27.727758666666663,26.892470266666667,0.0212870691999999,18,0,142,657.39107142
2020-05-21 20:15:00,25.35796506666667,23.092466200000004,0.0,20,15,142,0.0
2020-05-21 20:30:00,25.098463733333336,22.87989926666667,0.0,20,30,142,0.0
2020-05-21 20:45:00,24.8719178,22.620530266666663,0.0,20,45,142,0.0
2020-05-21 21:00:00,24.680324266666663,22.335959933333328,0.0,21,0,142,0.0
2020-05-21 21:15:00,24.47877935714285,22.165891285714284,0.0,21,15,142,0.0
2020-05-21 21:30:00,24.406392466666663,22.096169133333333,0.0,21,30,142,0.0
2020-05-21 21:45:00,24.36970013333333,22.03935133333333,0.0,21,45,142,0.0
2020-05-21 22:00:00,24.26367993333333,21.819816066666665,0.0,22,0,142,0.0
2020-05-21 22:15:00,24.19905,21.67491866666667,0.0,22,15,142,0.0
2020-05-21 22:30:00,24.08873486666667,21.486199866666663,0.0,22,30,142,0.0
2020-05-21 22:45:00,24.00257386666667,21.370762266666667,0.0,22,45,142,0.0
2020-05-21 23:00:00,23.978326266666667,21.3030558,0.0,23,0,142,0.0
2020-05-21 23:15:00,23.922380642857146,21.196879785714284,0.0,23,15,142,0.0
2020-05-21 23:30:00,23.8922364,21.126922666666665,0.0,23,30,142,0.0
2020-05-21 23:45:00,23.856805466666664,21.1551208,0.0,23,45,142,0.0
2020-05-22 00:00:00,23.760593466666663,21.23520506666667,0.0,0,0,143,0.0
2020-05-22 00:15:00,23.6751994,21.1929544,0.0,0,15,143,0.0
2020-05-22 00:30:00,23.594093866666668,21.1975178,0.0,0,30,143,0.0
2020-05-22 00:45:00,23.48329066666667,21.23848886666666,0.0,0,45,143,0.0
2020-05-22 01:00:00,23.470836,21.83555171428572,0.0,1,0,143,0.0
2020-05-22 01:15:00,23.52625706666667,22.2376994,0.0,1,15,143,0.0
2020-05-22 01:30:00,23.54151806666667,22.084086133333333,0.0,1,30,143,0.0
2020-05-22 01:45:00,23.4903992,22.2411336,0.0,1,45,143,0.0
2020-05-22 02:00:00,23.44186193333333,22.392478466666663,0.0,2,0,143,0.0
2020-05-22 02:15:00,23.4516622,22.4551962,0.0,2,15,143,0.0
2020-05-22 02:30:00,23.410870333333328,22.287416466666667,0.0,2,30,143,0.0
2020-05-22 02:45:00,23.41301192857143,22.12250857142857,0.0,2,45,143,0.0
2020-05-22 03:00:00,23.297208666666663,21.8402384,0.0,3,0,143,0.0
2020-05-22 03:15:00,23.0816204,21.3520304,0.0,3,15,143,0.0
2020-05-22 03:30:00,23.0801798,21.29458413333333,0.0,3,30,143,0.0
2020-05-22 03:45:00,23.0092528,21.33285306666667,0.0,3,45,143,0.0
2020-05-22 04:00:00,22.94258413333333,21.267515133333337,0.0,4,0,143,0.0
2020-05-22 04:15:00,23.023907466666664,21.393129333333327,0.0,4,15,143,0.0
2020-05-22 04:30:00,22.980336533333336,21.45325513333333,0.0,4,30,143,0.0
2020-05-22 04:45:00,22.941425857142857,21.42293871428572,0.0,4,45,143,0.0
2020-05-22 05:00:00,22.9109844,21.4030904,0.0,5,0,143,0.0
2020-05-22 05:15:00,22.858017933333333,21.447070266666667,0.0,5,15,143,0.0
2020-05-22 05:30:00,22.8197834,21.408598,0.0,5,30,143,0.0
2020-05-22 05:45:00,22.802852266666665,21.3380066,0.0010673070493333,5,45,143,0.0
2020-05-22 06:00:00,22.815523266666663,21.6110514,0.0168548558266666,6,0,143,469.10892858
2020-05-22 06:15:00,22.981634533333327,22.203200133333333,0.0403607207333333,6,15,143,1213.09821432
2020-05-22 06:30:00,23.218327,22.82350866666667,0.0646610821333333,6,30,143,1913.49821429
2020-05-22 06:45:00,23.366936642857144,23.907782357142853,0.0858986049285714,6,45,143,2541.9982144
2020-05-22 07:00:00,23.4338724,24.7448954,0.1108917472,7,0,143,3448.6339286
2020-05-22 07:15:00,23.82504073333333,28.026749666666667,0.2790037753333333,7,15,143,7642.842857
2020-05-22 07:30:00,24.3803284,32.1630228,0.3559949986666666,7,30,143,9752.8982143
2020-05-22 07:45:00,24.829638666666668,33.83913526666666,0.3454415426666666,7,45,143,9451.6857143
2020-05-22 08:00:00,25.088962666666667,35.562813133333336,0.3929178906666667,8,0,143,10847.4267856
2020-05-22 08:15:00,25.26090906666667,37.18839533333334,0.3585062726666666,8,15,143,10159.7214285
2020-05-22 08:30:00,25.14924185714285,32.83658064285714,0.1884618071428571,8,30,143,5637.3714286
2020-05-22 08:45:00,25.312744200000004,32.38037546666667,0.2670940773333334,8,45,143,8338.4535713
2020-05-22 09:00:00,25.96112293333333,35.6540122,0.3730011899999999,9,0,143,11014.1603572
2020-05-22 09:15:00,26.405902066666663,37.5282734,0.3860812566666666,9,15,143,12195.8017857
2020-05-22 09:30:00,26.92924806666667,39.8739748,0.4385864393333333,9,30,143,13842.8035715
2020-05-22 09:45:00,27.16653653333333,39.336533733333326,0.3759219506666666,9,45,143,11609.8067857
2020-05-22 10:00:00,27.585662733333333,42.06701466666666,0.5426874133333333,10,0,143,14820.0071427
2020-05-22 10:15:00,27.87740473333333,42.96753940000001,0.63854485,10,15,143,20271.2517856
2020-05-22 10:30:00,28.15413335714286,44.68885371428571,0.4156516442857142,10,30,143,12281.7964285
2020-05-22 10:45:00,28.069488466666662,42.7483944,0.7091465493333333,10,45,143,18134.6500001
2020-05-22 11:00:00,28.88009853333333,50.2482484,0.608488516,11,0,143,17375.2928571
2020-05-22 11:15:00,28.860333333333333,44.390484533333336,0.553059376,11,15,143,16535.2860714
2020-05-22 11:30:00,29.77494913333333,52.5911334,0.999309628,11,30,143,27308.16607
2020-05-22 11:45:00,30.58406566666667,60.62906306666667,1.0477749826666665,11,45,143,26879.828571
2020-05-22 12:00:00,30.824835714285715,62.21209042857143,1.0318606821428573,12,0,143,27677.362499000003
2020-05-22 12:15:00,30.752172866666665,57.925577800000006,0.8117554566666667,12,15,143,21636.85
2020-05-22 12:30:00,30.91771053333333,54.40039266666666,0.7624467326666666,12,30,143,20300.3875002
2020-05-22 12:45:00,31.41328526666667,55.89338740000001,0.917253122,12,45,143,24282.6250013
2020-05-22 13:00:00,31.3189554,54.85740986666666,0.8148439080000001,13,0,143,23066.4690486
2020-05-22 13:15:00,31.90281766666666,58.44529793333333,0.8256647073333334,13,15,143,24029.846429
2020-05-22 13:30:00,31.85407093333333,57.85922433333334,0.814901278,13,30,143,23499.6464286
2020-05-22 13:45:00,31.63322353333333,53.52987266666667,0.6930570186666666,13,45,143,19344.0410716
2020-05-22 14:00:00,31.882248142857144,54.65764728571429,0.7605472914285714,14,0,143,21292.655357
2020-05-22 14:15:00,32.30898653333334,55.08829360000001,0.6065786866666667,14,15,143,18061.0517857
2020-05-22 14:30:00,32.15423573333334,52.968100933333325,0.809865482,14,30,143,23295.4232143
2020-05-22 14:45:00,32.80111693333333,56.02008653333333,0.7798724033333334,14,45,143,22519.9910695
2020-05-22 15:00:00,33.00463246666666,55.63306693333334,0.7279374373333332,15,0,143,20633.3196428
2020-05-22 15:15:00,32.574084400000004,51.29624213333333,0.468398362,15,15,143,13937.4660715
2020-05-22 15:30:00,32.31323666666667,43.588924266666666,0.3465496533333333,15,30,143,9225.4125001
2020-05-22 15:45:00,32.0070125,43.13004007142857,0.3180874907142857,15,45,143,9826.4553573
2020-05-22 16:00:00,31.29693813333333,39.07873533333333,0.223404308,16,0,143,6892.1410714
2020-05-22 16:15:00,30.797410133333333,37.0259216,0.1951342519999999,16,15,143,5992.0285715
2020-05-22 16:30:00,30.2077474,34.96258519999999,0.1562854073333333,16,30,143,4807.9375001
2020-05-22 16:45:00,29.846667533333328,33.62270493333333,0.1358759986666666,16,45,143,4161.1910715
2020-05-22 17:00:00,29.57108153333333,32.47774066666667,0.1132172194666666,17,0,143,3467.8732143
2020-05-22 17:15:00,29.301833066666667,31.3613768,0.0837732949333333,17,15,143,2558.0553573
2020-05-22 17:30:00,29.1003866,30.149263466666667,0.0560736594,17,30,143,1710.03214286
2020-05-22 17:45:00,28.82632671428572,29.096067142857144,0.0369035885714285,17,45,143,1090.23928572
2020-05-22 18:00:00,28.510609933333328,28.12322593333333,0.0214036318666666,18,0,143,598.64464287
2020-05-22 18:15:00,28.18459053333333,27.252742533333333,0.0099927644066666,18,15,143,237.373214283
2020-05-22 18:30:00,28.03802473333333,26.626117,0.0020025813973333,18,30,143,0.0
2020-05-22 20:30:00,26.6451172,24.92873313333333,0.0,20,30,143,0.0
2020-05-22 20:45:00,26.527557466666664,24.90883806666666,0.0,20,45,143,0.0
2020-05-22 21:00:00,26.475219733333333,24.957104533333336,0.0,21,0,143,0.0
2020-05-22 21:15:00,26.420656466666667,25.20817046666667,0.0,21,15,143,0.0
2020-05-22 21:30:00,26.3497904,25.225801600000004,0.0,21,30,143,0.0
2020-05-22 21:45:00,24.900354,24.77943313333333,0.0,21,45,143,0.0
2020-05-22 22:00:00,23.9790038,23.404168866666662,0.0,22,0,143,0.0
2020-05-22 22:15:00,23.55884221428571,22.71218,0.0,22,15,143,0.0
2020-05-22 22:30:00,23.5472046,22.64883013333333,0.0,22,30,143,0.0
2020-05-22 22:45:00,23.2145264,21.719091866666663,0.0,22,45,143,0.0
2020-05-22 23:00:00,22.361055333333333,20.86307993333333,0.0,23,0,143,0.0
2020-05-22 23:15:00,21.64112766666667,20.3276652,0.0,23,15,143,0.0
2020-05-22 23:30:00,21.5649028,20.2063374,0.0,23,30,143,0.0
2020-05-22 23:45:00,21.6055196,20.350038666666663,0.0,23,45,143,0.0
2020-05-23 00:00:00,21.7191894,20.4714396,0.0,0,0,144,0.0
2020-05-23 00:15:00,21.708895,20.602031142857147,0.0,0,15,144,0.0
2020-05-23 00:30:00,21.620870000000004,20.551786266666664,0.0,0,30,144,0.0
2020-05-23 00:45:00,21.575026533333336,20.511413666666662,0.0,0,45,144,0.0
2020-05-23 01:00:00,21.45861,20.4058044,0.0,1,0,144,0.0
2020-05-23 01:15:00,21.471038799999995,20.32331333333333,0.0,1,15,144,0.0
2020-05-23 01:30:00,21.5340616,20.320503666666664,0.0,1,30,144,0.0
2020-05-23 01:45:00,21.669055266666668,20.444116133333328,0.0,1,45,144,0.0
2020-05-23 02:00:00,21.74084266666667,20.4955098,0.0,2,0,144,0.0
2020-05-23 02:15:00,21.76986257142857,20.55575542857143,0.0,2,15,144,0.0
2020-05-23 02:30:00,21.851713066666665,20.587019999999995,0.0,2,30,144,0.0
2020-05-23 02:45:00,21.8916116,20.52848733333333,0.0,2,45,144,0.0
2020-05-23 03:00:00,21.884334266666663,20.389685066666665,0.0,3,0,144,0.0
2020-05-23 03:15:00,21.896366266666668,20.634684266666667,0.0,3,15,144,0.0
2020-05-23 03:30:00,21.963966933333328,20.9058836,0.0,3,30,144,0.0
2020-05-23 03:45:00,22.0309366,21.0314534,0.0,3,45,144,0.0
2020-05-23 04:00:00,22.128173866666668,21.08964233333333,0.0,4,0,144,0.0
2020-05-23 04:15:00,22.1400958,21.1670512,0.0,4,15,144,0.0
2020-05-23 04:30:00,22.049833,21.143541571428567,0.0,4,30,144,0.0
2020-05-23 04:45:00,21.974959266666666,21.07260333333333,0.0,4,45,144,0.0
2020-05-23 05:00:00,21.92008673333333,21.012809266666665,0.0,5,0,144,0.0
2020-05-23 06:45:00,22.344629916666666,22.08666241666667,0.0454442841666666,6,45,144,1419.49333332
2020-05-23 07:00:00,22.4054382,22.988533466666667,0.0697883706,7,0,144,2173.4089286
2020-05-23 07:15:00,22.7378764,24.8963014,0.14642804,7,15,144,4469.7196429
2020-05-23 07:30:00,23.20470971428572,27.90720492857143,0.2291173557142857,7,30,144,6914.1857144
2020-05-23 07:45:00,23.51787007142857,30.984898285714287,0.2691330578571429,7,45,144,8061.1875002
2020-05-23 08:00:00,23.89814073333333,33.29091186666667,0.3245409046666666,8,0,144,9556.55
2020-05-23 08:15:00,24.705782066666668,38.037754333333325,0.4945615926666666,8,15,144,14317.1571428
2020-05-23 08:30:00,25.810009866666668,43.5907308,0.5895070206666666,8,30,144,16905.3732143
2020-05-23 08:45:00,26.365627066666665,43.806378,0.569132588,8,45,144,16490.969643
2020-05-23 09:00:00,26.8544944,44.581498066666654,0.6137954226666666,9,0,144,17682.5428571
2020-05-23 09:15:00,27.272131400000003,46.693650133333335,0.6625689086666668,9,15,144,19113.0571429
2020-05-23 09:30:00,27.64303786666667,47.786619,0.6174629526666667,9,30,144,17471.0089285
2020-05-23 09:45:00,27.703896500000003,45.23483278571429,0.710976275,9,45,144,19630.2553569
2020-05-23 10:00:00,28.074165800000003,48.958026200000006,0.6737647459999999,10,0,144,19438.1625
2020-05-23 10:15:00,28.02329086666667,47.408421,0.6361480606666667,10,15,144,18929.5178572
2020-05-23 10:30:00,28.123655266666663,48.692805666666665,0.6136754333333333,10,30,144,18808.3839285
2020-05-23 10:45:00,28.60254713333333,49.08473493333334,0.8168375646666667,10,45,144,21100.9803576
2020-05-23 11:00:00,28.8662964,52.901754,0.8011747426666667,11,0,144,22472.7160705
2020-05-23 11:15:00,29.496158666666663,56.45879506666667,0.968808626,11,15,144,26868.626787
2020-05-23 11:30:00,30.03040366666667,59.877591933333335,0.9841918673333332,11,30,144,27225.082142
2020-05-23 11:45:00,30.452372928571428,60.19193785714286,1.0037044035714286,11,45,144,27585.078571
2020-05-23 12:00:00,30.6108378,58.55042526666667,0.962423294,12,0,144,26966.792856
2020-05-23 12:15:00,31.26550906666667,63.34182940000001,1.112296618,12,15,144,28516.901786
2020-05-23 12:30:00,31.12965493333333,65.54571366666664,0.954939324,12,30,144,25656.232141
2020-05-23 12:45:00,31.10980833333333,58.53033853333333,0.6678877380000001,12,45,144,19347.4267858
2020-05-23 13:00:00,31.304307266666665,55.53702406666668,0.7916552700000001,13,0,144,23148.253572
2020-05-23 13:15:00,32.26669699999999,58.0866006,0.8927997,13,15,144,24999.864285
2020-05-23 13:30:00,32.174080466666666,59.10431306666667,0.9360600806666666,13,30,144,25824.0875
2020-05-23 13:45:00,32.819391,62.57647933333334,0.9900849466666666,13,45,144,26860.405357
2020-05-23 14:00:00,33.13893985714286,60.39023078571429,0.7815910821428571,14,0,144,22209.5857152
2020-05-23 14:15:00,32.61264433333333,53.1639342,0.5945410246666665,14,15,144,17363.9892856
2020-05-23 14:30:00,32.7458558,51.327437733333326,0.545487636,14,30,144,16203.2464287
2020-05-23 14:45:00,32.598390733333325,48.28102199999999,0.5062324326666667,14,45,144,15398.6374999
2020-05-23 15:00:00,32.41062673333334,46.36569013333333,0.4040820713333333,15,0,144,12773.3785715
2020-05-23 15:15:00,32.6603392,46.35074433333333,0.485598238,15,15,144,16339.4160715
2020-05-23 15:30:00,33.28802473333333,49.761794,0.6299917373333332,15,30,144,19228.0660713
2020-05-23 15:45:00,33.335693266666674,49.51272193333333,0.5362176506666668,15,45,144,16075.0357142
2020-05-23 16:00:00,33.424020071428565,48.9096767142857,0.49096055,16,0,144,14006.4482144
2020-05-23 16:15:00,32.66607666666668,47.123696133333326,0.4451593266666666,16,15,144,12652.0267859
2020-05-23 16:30:00,32.16037606666667,43.64397813333333,0.3890966946666666,16,30,144,11892.2625
2020-05-23 16:45:00,31.88587833333333,41.18470279999999,0.2978837853333333,16,45,144,8733.4964286
2020-05-23 17:00:00,31.265974933333336,37.7911072,0.246215918,17,0,144,7164.7071429
2020-05-23 17:15:00,30.808199066666667,35.76615826666667,0.2081180433333333,17,15,144,6049.0999998
2020-05-23 17:30:00,30.171648933333334,33.8750304,0.1451273186666666,17,30,144,4381.8910714
2020-05-23 17:45:00,29.63169753333333,32.23251346666666,0.1122409709333333,17,45,144,3374.9017857
2020-05-23 18:00:00,29.4934264,31.516186533333336,0.0927983004,18,0,144,2791.6803572
2020-05-23 18:15:00,29.02422,29.90827521428572,0.0412472248571428,18,15,144,1223.80535716
2020-05-23 18:30:00,28.4694946,27.9880758,0.0050579441066666,18,30,144,69.191071429
2020-05-23 18:45:00,28.136104133333337,26.83467813333333,9.44485646e-05,18,45,144,0.0
2020-05-23 19:00:00,27.82643613333333,26.21776333333333,0.0,19,0,144,0.0
2020-05-23 19:15:00,27.58875313333333,25.794478133333328,0.0,19,15,144,0.0
2020-05-23 19:30:00,27.35458573333333,25.633465600000005,0.0,19,30,144,0.0
2020-05-23 19:45:00,27.17084366666667,25.592665600000004,0.0,19,45,144,0.0
2020-05-23 20:00:00,26.9254904,25.399934866666666,0.0,20,0,144,0.0
2020-05-23 20:15:00,26.74023646666667,25.1433514,0.0,20,15,144,0.0
2020-05-23 20:30:00,26.542622,24.715713500000003,0.0,20,30,144,0.0
2020-05-23 20:45:00,26.3805358,24.4444234,0.0,20,45,144,0.0
2020-05-23 21:00:00,26.2500794,24.092059266666663,0.0,21,0,144,0.0
2020-05-23 21:15:00,26.0939412,23.791683066666668,0.0,21,15,144,0.0
2020-05-23 21:30:00,26.035589666666667,24.022705066666667,0.0,21,30,144,0.0
2020-05-23 22:00:00,25.7736,23.732849,0.0,22,0,144,0.0
2020-05-23 22:15:00,25.654901066666667,23.449275533333328,0.0,22,15,144,0.0
2020-05-23 22:30:00,25.488665666666662,23.103936733333327,0.0,22,30,144,0.0
2020-05-23 22:45:00,25.33885486666667,22.979264466666667,0.0,22,45,144,0.0
2020-05-23 23:00:00,25.1337626,22.6813252,0.0,23,0,144,0.0
2020-05-23 23:15:00,24.969698,22.494120266666663,0.0,23,15,144,0.0
2020-05-23 23:30:00,24.838093428571423,22.509726357142856,0.0,23,30,144,0.0
2020-05-23 23:45:00,24.81882946666667,22.467185466666667,0.0,23,45,144,0.0
2020-05-24 00:00:00,24.6906805,22.17558057142857,0.0,0,0,145,0.0
2020-05-24 00:15:00,24.538547666666663,21.8853208,0.0,0,15,145,0.0
2020-05-24 00:30:00,24.327402866666667,21.633982266666667,0.0,0,30,145,0.0
2020-05-24 00:45:00,24.253961200000003,21.66131586666667,0.0,0,45,145,0.0
2020-05-24 01:00:00,24.2181986,21.775756733333328,0.0,1,0,145,0.0
2020-05-24 01:15:00,24.211336266666667,21.765153,0.0,1,15,145,0.0
2020-05-24 01:30:00,24.305967,22.219170642857147,0.0,1,30,145,0.0
2020-05-24 01:45:00,24.47437553333333,22.922821066666668,0.0,1,45,145,0.0
2020-05-24 02:00:00,24.566530333333333,23.147521933333334,0.0,2,0,145,0.0
2020-05-24 02:15:00,24.6126954,22.74956053333333,0.0,2,15,145,0.0
2020-05-24 02:30:00,24.401302066666663,22.162550733333337,0.0,2,30,145,0.0
2020-05-24 02:45:00,24.0961324,21.322037666666663,0.0,2,45,145,0.0
2020-05-24 03:00:00,24.0066,21.193375733333337,0.0,3,0,145,0.0
2020-05-24 03:15:00,23.984708733333328,21.2534078,0.0,3,15,145,0.0
2020-05-24 03:30:00,23.969868428571427,21.364536928571425,0.0,3,30,145,0.0
2020-05-24 03:45:00,23.9593852,21.597076466666667,0.0,3,45,145,0.0
2020-05-24 04:00:00,23.917812133333328,21.46754153333333,0.0,4,0,145,0.0
2020-05-24 04:15:00,23.90087886666667,21.493794800000007,0.0,4,15,145,0.0
2020-05-24 04:30:00,23.7752706,21.237825333333333,0.0,4,30,145,0.0
2020-05-24 04:45:00,23.661442000000005,20.761668,0.0,4,45,145,0.0
2020-05-24 05:00:00,23.623785466666668,20.635243733333333,0.0,5,0,145,0.0
2020-05-24 05:15:00,23.49081826666667,20.40563353333333,0.0,5,15,145,0.0
2020-05-24 05:30:00,23.31950378571429,20.1904755,0.0,5,30,145,0.0
2020-05-24 05:45:00,23.2451844,20.093800666666667,0.0006199202026666,5,45,145,0.0
2020-05-24 06:00:00,23.151116866666666,20.113913933333333,0.00961781414,6,0,145,229.539285712
2020-05-24 06:15:00,23.35637213333333,20.837968,0.0291135531333333,6,15,145,851.26071429
2020-05-24 06:30:00,23.665861,22.093613866666672,0.052356912,6,30,145,1586.57500001
2020-05-24 06:45:00,24.0184102,23.685199,0.086237195,6,45,145,2550.6321429
2020-05-24 07:00:00,24.416684866666667,25.753737399999995,0.1536853939999999,7,0,145,3803.4232142
2020-05-24 07:15:00,24.857926333333328,28.002966266666665,0.2052391053333333,7,15,145,5254.5017856
2020-05-24 07:30:00,25.389813333333336,30.644789666666664,0.26604703,7,30,145,6935.7446427
2020-05-24 07:45:00,25.920839642857143,33.56302542857142,0.323376125,7,45,145,8648.3732143
2020-05-24 08:00:00,26.23174233333333,35.39754653333333,0.3727364353333333,8,0,145,10366.8571427
2020-05-24 08:15:00,26.3079448,35.30504146666667,0.361205644,8,15,145,11275.0142856
2020-05-24 08:30:00,26.6822978,38.64299933333333,0.5357404813333333,8,30,145,15020.8178572
2020-05-24 08:45:00,26.76338493333333,39.07146406666667,0.3637049406666666,8,45,145,11194.0482143
2020-05-24 09:00:00,27.152537133333336,40.39757686666666,0.5656625413333333,9,0,145,16240.244643
2020-05-24 09:15:00,27.404044666666664,41.316923333333335,0.4188771033333333,9,15,145,14791.325
2020-05-24 09:30:00,27.864129466666668,43.693817200000005,0.56387132,9,30,145,17605.9589287
2020-05-24 09:45:00,27.86592971428571,42.949353714285714,0.51719428,9,45,145,13575.3571429
2020-05-24 10:00:00,28.242586266666667,43.05883393333334,0.5804646173333333,10,0,145,15625.2982143
2020-05-24 10:15:00,28.488832533333333,43.78831386666667,0.585474618,10,15,145,18202.8107142
2020-05-24 10:30:00,28.98237106666667,47.528133,0.7167022733333334,10,30,145,20087.175
2020-05-24 10:45:00,29.528405733333337,52.172778066666666,0.8833871893333332,10,45,145,25115.5196433
2020-05-24 11:00:00,29.893628,56.54914560000001,0.7758027066666667,11,0,145,23046.9214279
2020-05-24 11:15:00,30.166768533333336,54.67960166666667,0.8679127513333332,11,15,145,23987.6464296
2020-05-24 11:30:00,30.648152666666665,58.192274733333335,0.9587208273333332,11,30,145,24898.628571
2020-05-24 11:45:00,31.08613807142857,57.58173707142858,0.856888655,11,45,145,24897.8267864
2020-05-24 12:00:00,30.96598713333333,58.3223184,0.966907858,12,0,145,25558.042857
2020-05-24 12:15:00,31.85976966666667,60.33080693333334,0.9758267626666666,12,15,145,26957.596427
2020-05-24 12:30:00,31.858768666666663,60.43083146666667,0.9489071126666666,12,30,145,24999.141072
2020-05-24 12:45:00,32.268751599999995,61.34530853333335,0.9421417826666668,12,45,145,25867.558929
2020-05-24 13:00:00,32.5261004,61.743723933333335,0.9393533653333334,13,0,145,26105.680358
2020-05-24 13:15:00,32.848590333333334,60.95937106666666,0.9193798739999998,13,15,145,25481.630355
2020-05-24 13:30:00,33.08275935714286,61.57563135714286,0.7931582364285715,13,30,145,20462.8678573
2020-05-24 13:45:00,33.321887266666664,57.5274762,0.847597544,13,45,145,25119.146429
2020-05-24 14:00:00,33.68083073333334,59.173854533333326,0.833392598,14,0,145,19252.7482145
2020-05-24 14:15:00,33.551989866666666,58.270271933333326,0.8323255766666667,14,15,145,23340.076786
2020-05-24 14:30:00,33.78651526666667,56.12368146666666,0.6665665693333332,14,30,145,17492.4910711
2020-05-24 14:45:00,33.41605233333334,52.4764444,0.6782424946666668,14,45,145,19968.4500003
2020-05-24 15:00:00,33.76234939999999,52.985213,0.6847007353333333,15,0,145,18834.0464288
2020-05-24 15:15:00,33.761303733333335,54.00686426666665,0.476600342,15,15,145,12838.7535714
2020-05-24 15:30:00,33.279722071428566,45.374740642857134,0.238672855,15,30,145,8368.8749999
2020-05-24 15:45:00,32.816959600000004,40.0954304,0.21446764,15,45,145,6605.6249999
2020-05-24 16:00:00,32.72800313333334,38.61097186666667,0.2873007813333333,16,0,145,9055.8803571
2020-05-24 16:15:00,33.25120033333334,42.48199053333333,0.2895850273333333,16,15,145,8637.1285714
2020-05-24 16:30:00,32.82929440000001,40.124707066666666,0.2425447946666666,16,30,145,7539.710714199999
2020-05-24 16:45:00,32.72574673333334,39.121545600000005,0.3035469626666667,16,45,145,8716.7785715
2020-05-24 17:00:00,32.85508646666668,40.3697468,0.2947314606666666,17,0,145,8647.9589286
2020-05-24 17:15:00,32.515638933333335,38.29546746666666,0.199998688,17,15,145,5678.1732142
2020-05-24 17:30:00,31.9316625,35.02001971428571,0.1373132696428571,17,30,145,3749.5839285
2020-05-24 17:45:00,31.36695346666667,32.592636866666666,0.0881270817333333,17,45,145,2333.3339285
2020-05-24 18:00:00,30.75914113333333,30.545615666666663,0.0456077094,18,0,145,1303.60535714
2020-05-24 18:15:00,30.156077,29.0945292,0.0269941826,18,15,145,793.00357142
2020-05-24 18:30:00,29.691412400000004,28.060636333333328,0.0112836303666666,18,30,145,318.42321428
2020-05-24 18:45:00,29.193908666666665,27.260127866666668,0.0012658659466666,18,45,145,0.0
2020-05-24 19:00:00,28.8050252,26.64863686666667,0.0,19,0,145,0.0
2020-05-24 19:15:00,28.41945813333333,26.3571066,0.0,19,15,145,0.0
2020-05-24 19:30:00,28.041340357142857,26.15662057142857,0.0,19,30,145,0.0
2020-05-24 19:45:00,27.721820066666663,25.95293373333333,0.0,19,45,145,0.0
2020-05-24 20:00:00,27.463893733333336,26.059515466666667,0.0,20,0,145,0.0
2020-05-24 20:15:00,27.12241393333333,25.596382866666666,0.0,20,15,145,0.0
2020-05-24 20:30:00,26.938661666666665,25.4765034,0.0,20,30,145,0.0
2020-05-24 20:45:00,26.813499,25.441148066666667,0.0,20,45,145,0.0
2020-05-24 21:00:00,26.721419200000003,24.9726014,0.0,21,0,145,0.0
2020-05-24 21:15:00,26.061617,23.810306800000003,0.0,21,15,145,0.0
2020-05-24 21:30:00,25.324238285714287,23.21858671428572,0.0,21,30,145,0.0
2020-05-24 21:45:00,25.055564333333333,23.1519184,0.0,21,45,145,0.0
2020-05-24 22:00:00,24.842502866666667,23.14363193333333,0.0,22,0,145,0.0
2020-05-24 22:15:00,24.7625794,23.2487568,0.0,22,15,145,0.0
2020-05-24 22:30:00,24.650606400000004,23.19892173333333,0.0,22,30,145,0.0
2020-05-24 22:45:00,24.4036906,23.266341066666666,0.0,22,45,145,0.0
2020-05-24 23:00:00,24.308990466666668,23.166595600000004,0.0,23,0,145,0.0
2020-05-24 23:15:00,24.17554313333333,22.930407733333336,0.0,23,15,145,0.0
2020-05-24 23:30:00,24.169597214285712,22.92681035714285,0.0,23,30,145,0.0
2020-05-24 23:45:00,23.777931866666663,22.760666866666668,0.0,23,45,145,0.0
2020-05-25 00:00:00,23.523980866666665,22.53725386666667,0.0,0,0,146,0.0
2020-05-25 00:15:00,23.576312266666665,22.5190776,0.0,0,15,146,0.0
2020-05-25 00:30:00,23.793988066666667,22.6662274,0.0,0,30,146,0.0
2020-05-25 00:45:00,23.82386273333333,22.74333293333333,0.0,0,45,146,0.0
2020-05-25 01:00:00,23.813157266666668,22.72366926666666,0.0,1,0,146,0.0
2020-05-25 01:15:00,23.8431722,22.72266246666667,0.0,1,15,146,0.0
2020-05-25 01:30:00,23.7696665,22.556241714285715,0.0,1,30,146,0.0
2020-05-25 01:45:00,23.74944666666667,22.52036333333333,0.0,1,45,146,0.0
2020-05-25 02:00:00,23.74525333333333,22.562904666666668,0.0,2,0,146,0.0
2020-05-25 02:15:00,23.723101799999995,22.5175476,0.0,2,15,146,0.0
2020-05-25 02:30:00,23.660424866666663,22.528680466666668,0.0,2,30,146,0.0
2020-05-25 02:45:00,23.564792866666664,22.4498474,0.0,2,45,146,0.0
2020-05-25 03:00:00,23.53508313333333,22.328715,0.0,3,0,146,0.0
2020-05-25 03:15:00,23.552939733333336,22.281717866666664,0.0,3,15,146,0.0
2020-05-25 03:30:00,23.5656494,22.254783333333336,0.0,3,30,146,0.0
2020-05-25 03:45:00,23.539119142857142,22.20156635714285,0.0,3,45,146,0.0
2020-05-25 04:00:00,23.4719544,22.1696574,0.0,4,0,146,0.0
2020-05-25 04:15:00,23.386021,22.073919666666665,0.0,4,15,146,0.0
2020-05-25 04:30:00,23.424011199999995,22.17654226666667,0.0,4,30,146,0.0
2020-05-25 04:45:00,23.45262646666667,22.164961733333328,0.0,4,45,146,0.0
2020-05-25 05:00:00,23.358255866666667,21.58138833333333,0.0,5,0,146,0.0
2020-05-25 05:15:00,23.182582533333328,21.200907266666665,0.0,5,15,146,0.0
2020-05-25 06:15:00,23.016544857142858,21.453314571428567,0.0331407035,6,15,146,872.13928571
2020-05-25 06:30:00,23.312432866666672,22.078063866666664,0.050611544,6,30,146,1540.54464288
2020-05-25 06:45:00,23.51573693333333,22.768512,0.0832185890666666,6,45,146,2517.5374999
2020-05-25 07:00:00,23.788940466666663,23.575608266666663,0.1486546339999999,7,0,146,3717.3017855
2020-05-25 07:15:00,24.0009094,25.62175893333333,0.2036339493333333,7,15,146,5265.1928571
2020-05-25 07:30:00,24.3116068,28.332320066666668,0.2028929653333333,7,30,146,5931.2000001
2020-05-25 07:45:00,24.44554646666667,30.010496,0.2812749706666666,7,45,146,7812.4
2020-05-25 08:00:00,24.688751333333336,31.77211313333333,0.2420931633333333,8,0,146,7521.6
2020-05-25 08:15:00,24.931500133333333,34.9920044,0.4445730093333333,8,15,146,12724.5
2020-05-25 08:30:00,25.73379057142857,40.25765564285714,0.5047311078571429,8,30,146,14383.3000001
2020-05-25 08:45:00,26.3876404,43.30431733333333,0.5570171753333333,8,45,146,15990.9875
2020-05-25 09:00:00,26.970560666666664,45.55024,0.6182257626666666,9,0,146,17778.8428572
2020-05-25 09:15:00,27.71488233333333,48.363682,0.6704487179999999,9,15,146,19201.7375
2020-05-25 09:30:00,28.17348426666668,49.310594,0.7147616046666667,9,30,146,20464.1857142
2020-05-25 09:45:00,28.5507568,51.14308473333334,0.7630363573333334,9,45,146,21712.8857146
2020-05-25 10:00:00,28.6851826,52.74471266666666,0.8024272126666667,10,0,146,22572.0428593
2020-05-25 10:15:00,29.217750933333328,53.50141380000001,0.8341566393333333,10,15,146,22560.1714283
2020-05-25 10:30:00,29.567946466666665,55.37232273333334,0.8627664733333335,10,30,146,24013.687498
2020-05-25 10:45:00,29.84079428571429,58.03428871428572,0.8917315042857143,10,45,146,24964.317858
2020-05-25 11:00:00,30.38230993333333,59.35841486666666,0.9131820933333334,11,0,146,25487.848213
2020-05-25 11:15:00,30.986580466666663,60.1309834,0.9288445293333332,11,15,146,25881.605357
2020-05-25 11:30:00,31.036269066666662,60.58494866666666,0.947984686,11,30,146,26336.675
2020-05-25 11:45:00,31.56218266666667,58.13640526666666,0.9587958633333332,11,45,146,26779.523216
2020-05-25 12:00:00,31.597302133333333,58.96815806666666,0.9652258986666667,12,0,146,26812.625
2020-05-25 12:15:00,32.02379753333333,58.25814226666666,0.970586436,12,15,146,27011.314287
2020-05-25 12:30:00,32.30198566666667,58.666117466666655,0.9666168293333331,12,30,146,26952.95
2020-05-25 12:45:00,32.36792450000001,60.75254,0.9600062992857142,12,45,146,26702.37143
2020-05-25 13:00:00,32.788692133333335,60.102559266666674,0.9453285046666666,13,0,146,26370.9375
2020-05-25 13:15:00,33.254821857142865,60.86849728571429,0.9130500964285714,13,15,146,25592.466666
2020-05-25 13:30:00,33.4319154,60.258821466666674,0.8658357226666666,13,30,146,24488.328571
2020-05-25 13:45:00,33.4819584,59.38402526666668,0.879347218,13,45,146,24972.653573
2020-05-25 14:00:00,33.32365333333333,58.80879913333334,0.8607233646666665,14,0,146,24446.066071
2020-05-25 14:15:00,33.540535600000005,59.177929600000006,0.7999019353333332,14,15,146,22654.5428563
2020-05-25 14:30:00,33.7554728,56.660072933333325,0.7431429239999999,14,30,146,21769.6732142
2020-05-25 14:45:00,34.09684771428572,54.98997742857143,0.760303092142857,14,45,146,20173.3464277
2020-05-25 15:00:00,34.382596666666664,57.54735093333333,0.7549121526666667,15,0,146,21724.958929
2020-05-25 15:15:00,34.232936733333325,54.871441666666655,0.6773567373333333,15,15,146,19113.1696429
2020-05-25 15:30:00,34.278066,49.945772133333335,0.5049492813333333,15,30,146,16997.9160714
2020-05-25 15:45:00,34.629477933333334,50.88533153333333,0.6294453433333332,15,45,146,18316.8732143
2020-05-25 16:00:00,34.7056704,51.99498913333333,0.5514050859999999,16,0,146,16513.4857141
2020-05-25 16:15:00,34.31009746666667,46.1497108,0.306095652,16,15,146,9337.3
2020-05-25 16:30:00,33.7051188,39.0915042,0.1337362736666667,16,30,146,4258.7714285
2020-05-25 16:45:00,32.85124421428571,34.75786921428571,0.0878115582857142,16,45,146,2840.975
2020-05-25 17:00:00,32.63336773333333,33.21449166666667,0.0755440882,17,0,146,2421.2142857
2020-05-25 17:15:00,32.45497006666667,32.520924533333336,0.0674540515333333,17,15,146,2080.525
2020-05-25 17:30:00,32.222483600000004,31.912021933333328,0.0506183510666666,17,30,146,1488.67142856
2020-05-25 17:45:00,30.906561266666667,30.832251133333333,0.0367549387333333,17,45,146,1037.15535715
2020-05-25 18:00:00,29.405578533333337,28.884993533333336,0.0324079431333333,18,0,146,916.44821431
2020-05-25 18:15:00,28.77471533333333,27.363647333333333,0.0165713633,18,15,146,479.23035714
2020-05-25 18:30:00,27.8907064,26.16618666666667,0.0038019427373333,18,30,146,71.964285715
2020-05-25 18:45:00,27.1471252,25.1309936,4.9854124400000006e-05,18,45,146,0.0
2020-05-25 19:00:00,26.844663285714287,24.81299035714285,0.0,19,0,146,0.0
2020-05-25 19:15:00,26.803802466666667,24.558612066666665,0.0,19,15,146,0.0
2020-05-25 19:30:00,26.529679400000006,23.8296754,0.0,19,30,146,0.0
2020-05-25 19:45:00,26.13919673333333,23.174355066666667,0.0,19,45,146,0.0
2020-05-25 20:00:00,25.98317053333333,22.6132344,0.0,20,0,146,0.0
2020-05-25 20:15:00,25.92591346666667,22.996138533333333,0.0,20,15,146,0.0
2020-05-25 20:30:00,26.3512246,24.133376066666667,0.0,20,30,146,0.0
2020-05-25 20:45:00,26.67003993333333,25.027766933333336,0.0,20,45,146,0.0
2020-05-25 21:00:00,26.74988007142857,25.323394642857146,0.0,21,0,146,0.0
2020-05-25 21:15:00,26.743371466666662,25.456490066666667,0.0,21,15,146,0.0
2020-05-25 21:30:00,25.059989266666665,25.027827933333327,0.0,21,30,146,0.0
2020-05-25 21:45:00,23.2322306,23.09873853333333,0.0,21,45,146,0.0
2020-05-25 22:00:00,22.50070593333333,21.93613866666667,0.0,22,0,146,0.0
2020-05-25 22:15:00,22.444230133333328,21.5962768,0.0,22,15,146,0.0
2020-05-25 22:30:00,22.482853266666663,21.490083933333327,0.0,22,30,146,0.0
2020-05-25 22:45:00,22.546732533333333,21.027425333333337,0.0,22,45,146,0.0
2020-05-25 23:00:00,22.538633333333337,20.3957946,0.0,23,0,146,0.0
2020-05-25 23:15:00,22.499492000000004,20.065861428571427,0.0,23,15,146,0.0
2020-05-25 23:30:00,22.470717400000005,19.818194466666668,0.0,23,30,146,0.0
2020-05-25 23:45:00,22.384967,19.720330800000003,0.0,23,45,146,0.0
2020-05-26 00:00:00,22.329964133333338,19.769138533333333,0.0,0,0,147,0.0
2020-05-26 00:15:00,22.266125533333334,19.9242026,0.0,0,15,147,0.0
2020-05-26 00:30:00,22.277128066666663,19.96756606666667,0.0,0,30,147,0.0
2020-05-26 00:45:00,22.151906400000005,19.948490333333336,0.0,0,45,147,0.0
2020-05-26 01:00:00,22.209784,19.795607666666665,0.0,1,0,147,0.0
2020-05-26 01:15:00,22.266959666666665,19.688240466666667,0.0,1,15,147,0.0
2020-05-26 01:30:00,22.238921999999995,19.587624571428574,0.0,1,30,147,0.0
2020-05-26 01:45:00,22.17399293333333,19.648162866666667,0.0,1,45,147,0.0
2020-05-26 02:00:00,22.08363446666667,19.61325486666667,0.0,2,0,147,0.0
2020-05-26 02:15:00,21.980529733333327,19.47120353333333,0.0,2,15,147,0.0
2020-05-26 02:30:00,21.735559066666667,19.13982333333333,0.0,2,30,147,0.0
2020-05-26 02:45:00,21.402293,18.911025,0.0,2,45,147,0.0
2020-05-26 03:00:00,21.34014086666667,18.893041933333333,0.0,3,0,147,0.0
2020-05-26 03:15:00,21.357849266666665,19.0029684,0.0,3,15,147,0.0
2020-05-26 03:30:00,21.37924393333333,19.249369266666665,0.0,3,30,147,0.0
2020-05-26 03:45:00,21.381364,19.323044733333333,0.0,3,45,147,0.0
2020-05-26 04:00:00,21.25942564285713,19.017571500000003,0.0,4,0,147,0.0
2020-05-26 04:15:00,21.066817333333333,18.7768678,0.0,4,15,147,0.0
2020-05-26 04:30:00,21.374348866666665,18.972381733333336,0.0,4,30,147,0.0
2020-05-26 04:45:00,21.55023393333333,19.259316,0.0,4,45,147,0.0
2020-05-26 05:00:00,21.640612933333333,19.093664466666667,0.0,5,0,147,0.0
2020-05-26 05:15:00,21.899794533333328,19.312314866666664,0.0,5,15,147,0.0
2020-05-26 05:30:00,22.3387368,19.757601,0.0,5,30,147,0.0
2020-05-26 05:45:00,22.401477000000003,19.994679733333328,0.0008254361254,5,45,147,0.0
2020-05-26 06:00:00,22.495716785714286,20.229721071428568,0.0105634890714285,6,0,147,265.921428576
2020-05-26 06:15:00,22.62713006666667,20.668404133333333,0.0287589122,6,15,147,835.03392858
2020-05-26 06:30:00,22.841064466666666,21.282033466666665,0.0506818596,6,30,147,1602.12142857
2020-05-26 06:45:00,23.171523066666666,22.294864933333333,0.084808915,6,45,147,2594.257143
2020-05-26 07:00:00,23.54695426666667,23.866823333333336,0.1582885586666666,7,0,147,3933.2875001
2020-05-26 07:15:00,23.946079466666667,26.170033866666667,0.21528912,7,15,147,5519.7517856
2020-05-26 07:30:00,24.416178333333328,29.170227,0.2717468766666666,7,30,147,7208.5517856
2020-05-26 07:45:00,24.91252433333333,32.155680466666674,0.330588588,7,45,147,9048.3053572
2020-05-26 08:00:00,25.354199066666663,35.498592200000004,0.3957623673333333,8,0,147,10928.5107141
2020-05-26 08:15:00,26.096950071428576,39.086399571428565,0.4513733507142856,8,15,147,12720.3464286
2020-05-26 08:30:00,26.6344054,41.77922546666666,0.5080059100000001,8,30,147,14481.4339288
2020-05-26 08:45:00,26.999525933333327,43.4644392,0.5608459200000001,8,45,147,16126.4339286
2020-05-26 09:00:00,27.205737133333333,45.212386133333325,0.6152906573333333,9,0,147,17675.4642858
2020-05-26 09:15:00,27.668807,48.98255793333334,0.666398724,9,15,147,19036.2553572
2020-05-26 09:30:00,27.95082393333333,51.054569666666666,0.7201458673333331,9,30,147,20427.7821431
2020-05-26 09:45:00,28.3790078,53.2701114,0.7660080266666666,9,45,147,21086.9339285
2020-05-26 10:00:00,28.9688944,54.075234266666655,0.8155462639999999,10,0,147,22916.0714292
2020-05-26 10:15:00,29.61952421428572,55.34798971428572,0.719329505,10,15,147,21116.7749996
2020-05-26 10:30:00,29.5801188,57.320168,0.9841090573333332,10,30,147,25270.4482157
2020-05-26 10:45:00,29.96776533333333,59.424285733333335,0.8521106573333334,10,45,147,24059.1285733
2020-05-26 11:00:00,30.10053313333333,56.94452306666666,0.988618098666667,11,0,147,26148.817858
2020-05-26 11:15:00,30.313747133333337,55.357067933333326,0.580431214,11,15,147,16646.9482142
2020-05-26 11:30:00,30.505511533333333,57.031303066666666,0.838770058,11,30,147,23523.776785
2020-05-26 11:45:00,30.716996333333327,52.6329488,0.7052639533333332,11,45,147,21017.3446417
2020-05-26 12:00:00,30.900615071428568,53.412794,0.6880905792857142,12,0,147,22622.5124997
2020-05-26 12:15:00,31.35813793333333,59.133262,1.0541559813333337,12,15,147,27163.685712
2020-05-26 12:30:00,31.578393466666665,54.042319733333336,0.5448555493333334,12,30,147,16822.9785714
2020-05-26 12:45:00,32.030253133333325,59.7176536,1.008637932,12,45,147,26211.308927
2020-05-26 13:00:00,32.626951000000005,60.1761166,0.6823728553333333,13,0,147,17596.3964286
2020-05-26 13:15:00,32.06863799999999,50.04413893333333,0.5918467893333333,13,15,147,18488.0821428
2020-05-26 13:30:00,32.80097026666667,58.15341173333333,0.818109888,13,30,147,23122.2178571
2020-05-26 13:45:00,33.185274066666665,61.56432686666666,0.9566406293333332,13,45,147,26400.717857
2020-05-26 14:00:00,33.488021,59.663859200000005,0.7188153760000001,14,0,147,17828.3107143
2020-05-26 14:15:00,32.707593357142855,48.42773878571429,0.24348246,14,15,147,7447.3160713
2020-05-26 14:30:00,32.27215373333334,44.45963126666666,0.445260018,14,30,147,15467.0714284
2020-05-26 14:45:00,32.34491993333334,43.7751686,0.302484416,14,45,147,9824.1660713
2020-05-26 15:00:00,32.281588,41.69365866666666,0.327377192,15,0,147,9739.7232143
2020-05-26 15:15:00,32.39553246666666,42.82737193333334,0.319140978,15,15,147,9167.5982144
2020-05-26 15:30:00,32.8598512,46.55671166666666,0.5361376973333333,15,30,147,17367.2392857
2020-05-26 15:45:00,33.26259353333333,48.231889,0.5286599566666667,15,45,147,16260.1910715
2020-05-26 16:00:00,33.40587706666668,46.34387413333334,0.37085346,16,0,147,11034.6392856
2020-05-26 16:15:00,33.265648642857144,44.920237928571424,0.4515764164285714,16,15,147,13625.2999999
2020-05-26 16:30:00,33.16755933333334,43.82860906666667,0.3930785846666666,16,30,147,11565.2607142
2020-05-26 16:45:00,33.059299933333335,42.801250933333336,0.4251206693333333,16,45,147,12835.8071429
2020-05-26 17:00:00,33.04103613333332,42.6021344,0.3109964793333333,17,0,147,9125.3285714
2020-05-26 17:15:00,32.083526600000006,36.04578060000001,0.0699064925333333,17,15,147,2164.81071428
2020-05-26 17:30:00,31.256394333333333,31.672898466666663,0.0440678129333333,17,30,147,1377.89821429
2020-05-26 17:45:00,30.519482466666663,30.251395666666667,0.0352655896,17,45,147,1070.99107141
2020-05-26 18:00:00,29.59416113333333,29.093566866666663,0.0265550992666666,18,0,147,785.41607142
2020-05-26 18:30:00,28.737601,27.42860421428572,0.0123415255071428,18,30,147,0.0
2020-05-26 19:30:00,27.280301933333337,25.3176128,0.0,19,30,147,0.0
2020-05-26 19:45:00,26.344228133333328,24.456264266666665,0.0,19,45,147,0.0
2020-05-26 20:15:00,25.6798888,22.87546186666667,0.0,20,15,147,0.0
2020-05-26 20:30:00,26.317622866666667,23.06435553333333,0.0,20,30,147,0.0
2020-05-26 20:45:00,26.737034357142857,23.77153671428572,0.0,20,45,147,0.0
2020-05-26 21:00:00,26.739679,24.4989238,0.0,21,0,147,0.0
2020-05-26 21:15:00,26.86095393333333,25.53957726666667,0.0,21,15,147,0.0
2020-05-26 21:30:00,26.75190226666667,25.910893000000005,0.0,21,30,147,0.0
2020-05-26 21:45:00,25.95031553333333,24.791290333333336,0.0,21,45,147,0.0
2020-05-26 22:00:00,25.970591266666663,24.29259233333333,0.0,22,0,147,0.0
2020-05-26 22:15:00,25.9664206,24.102557466666664,0.0,22,15,147,0.0
2020-05-26 22:30:00,25.976723266666664,23.80661226666667,0.0,22,30,147,0.0
2020-05-26 22:45:00,25.810259142857145,23.5601895,0.0,22,45,147,0.0
2020-05-26 23:00:00,25.312601666666662,23.815649266666664,0.0,23,0,147,0.0
2020-05-26 23:15:00,23.959344400000003,23.300472066666668,0.0,23,15,147,0.0
2020-05-26 23:30:00,23.6627584,22.656899,0.0,23,30,147,0.0
2020-05-26 23:45:00,23.458341533333336,22.1916648,0.0,23,45,147,0.0
2020-05-27 00:00:00,23.350636733333328,21.8250304,0.0,0,0,148,0.0
2020-05-27 00:15:00,23.3878704,21.7501342,0.0,0,15,148,0.0
2020-05-27 00:30:00,23.41160473333333,21.65298853333333,0.0,0,30,148,0.0
2020-05-27 00:45:00,23.439538533333334,21.8520548,0.0,0,45,148,0.0
2020-05-27 01:00:00,23.47894071428572,22.0078015,0.0,1,0,148,0.0
2020-05-27 01:15:00,23.5569438,22.1949502,0.0,1,15,148,0.0
2020-05-27 01:30:00,23.6097004,22.218638066666667,0.0,1,30,148,0.0
2020-05-27 01:45:00,23.595737733333337,22.002624466666667,0.0,1,45,148,0.0
2020-05-27 02:00:00,23.378357000000005,21.570123533333334,0.0,2,0,148,0.0
2020-05-27 02:15:00,23.295308333333328,21.209047466666668,0.0,2,15,148,0.0
2020-05-27 02:30:00,23.3853394,21.54802453333333,0.0,2,30,148,0.0
2020-05-27 02:45:00,24.11521193333333,22.05081173333333,0.0,2,45,148,0.0
2020-05-27 03:00:00,24.209280785714284,22.253919357142856,0.0,3,0,148,0.0
2020-05-27 03:15:00,24.113977066666667,21.963254733333336,0.0,3,15,148,0.0
2020-05-27 03:30:00,24.007735066666665,21.68212693333333,0.0,3,30,148,0.0
2020-05-27 03:45:00,23.8672546,21.50230326666667,0.0,3,45,148,0.0
2020-05-27 04:00:00,23.618619666666667,21.469712333333334,0.0,4,0,148,0.0
2020-05-27 04:15:00,23.4968382,21.601784133333336,0.0,4,15,148,0.0
2020-05-27 04:30:00,23.55595913333333,21.48046053333333,0.0,4,30,148,0.0
2020-05-27 04:45:00,23.599875933333333,21.486816399999995,0.0,4,45,148,0.0
2020-05-27 05:00:00,23.591532466666663,21.53707273333333,0.0,5,0,148,0.0
2020-05-27 05:15:00,23.456994428571427,21.577333857142857,0.0,5,15,148,0.0
2020-05-27 05:30:00,23.406447400000005,21.70099893333333,0.0,5,30,148,0.0
2020-05-27 05:45:00,23.3181456,21.41036373333333,0.0008405371983333,5,45,148,0.0
2020-05-27 06:00:00,23.21604600000001,21.406390466666668,0.0117904483199999,6,0,148,301.29642859
2020-05-27 06:15:00,23.13891793333333,21.6591104,0.0275747859333333,6,15,148,796.72035715
2020-05-27 06:30:00,23.3408814,22.568992,0.0606357090666666,6,30,148,1767.57678571
2020-05-27 06:45:00,24.041567200000003,23.861043266666663,0.1112899762666666,6,45,148,3259.919643
2020-05-27 07:00:00,24.464884533333333,24.944256533333338,0.1616571346666666,7,0,148,4209.0309524
2020-05-27 07:15:00,24.711029066666665,25.490907733333334,0.1542123409333333,7,15,148,4217.0642859
2020-05-27 07:30:00,25.215722142857143,29.4314075,0.2542998135714285,7,30,148,7297.6982143
2020-05-27 07:45:00,25.711328266666666,33.471195333333334,0.302042678,7,45,148,8485.3314285
2020-05-27 08:00:00,26.1143576,35.96729740000001,0.3424570506666667,8,0,148,10070.1535716
2020-05-27 08:15:00,26.739856000000003,38.96813346666666,0.453155868,8,15,148,12468.2565476
2020-05-27 08:30:00,27.1763814,40.5386984,0.4485121606666667,8,30,148,12154.9839286
2020-05-27 08:45:00,27.553778,41.08350839999999,0.5601515626666665,8,45,148,15489.0517857
2020-05-27 09:00:00,27.842344266666668,44.2842408,0.6134782713333334,9,0,148,17336.9374999
2020-05-27 09:15:00,28.183992466666663,47.58702806666666,0.63148828,9,15,148,17893.5457141
2020-05-27 09:30:00,28.570597266666667,49.2665142,0.690779268,9,30,148,18493.119643
2020-05-27 09:45:00,29.141590642857143,50.96223692857144,0.6264925335714285,9,45,148,18059.7564291
2020-05-27 10:00:00,29.011586333333334,47.639289111111104,0.66640501,10,0,148,17598.7166666
2020-05-27 10:15:00,29.15021621428572,46.961443357142855,0.4552519278571428,10,15,148,13316.0696428
2020-05-27 10:30:00,29.157197866666667,47.72198893333333,0.611992378,10,30,148,18280.2779761
2020-05-27 10:45:00,29.738852999999995,47.4182232,0.563158282,10,45,148,15787.4714284
2020-05-27 11:00:00,29.9996884,49.968572866666655,0.562169516,11,0,148,16477.1285714
2020-05-27 11:15:00,30.1848064,50.714097,0.8336664386666666,11,15,148,24291.770239
2020-05-27 11:30:00,31.295017400000003,60.84368073333333,0.965868116,11,30,148,26215.605953
2020-05-27 11:45:00,31.858074933333327,61.51417646666666,0.754565452,11,45,148,20899.3482148
2020-05-27 12:00:00,31.9470338,62.420866,1.0365607706666664,12,0,148,25971.926785
2020-05-27 12:15:00,32.10408907142858,59.949493357142856,0.5983157728571428,12,15,148,16976.7053565
2020-05-27 12:30:00,32.095951199999995,51.93161206666666,0.5748687466666667,12,30,148,14987.6607144
2020-05-27 12:45:00,32.27157786666667,53.3307006,0.6274043513333333,12,45,148,16768.9500002
2020-05-27 13:00:00,32.52562053333333,52.57054206666666,0.7174661713333332,13,0,148,19769.525
2020-05-27 13:15:00,32.66443473333334,48.46199133333333,0.3488823366666666,13,15,148,10534.5321428
2020-05-27 13:30:00,32.20655313333332,42.755688333333325,0.2994810686666667,13,30,148,9377.5827382
2020-05-27 13:45:00,32.32926846666666,42.2032632,0.3057066466666666,13,45,148,9609.1053571
2020-05-27 14:00:00,32.31917286666666,41.912998266666655,0.3037400713333333,14,0,148,9189.5535714
2020-05-27 14:15:00,32.301509666666675,42.75711873333334,0.2856979239999999,14,15,148,8869.7589288
2020-05-27 14:30:00,32.7693424,47.220991733333335,0.6554787686666667,14,30,148,20327.0464284
2020-05-27 14:45:00,32.97901057142858,49.883756,0.3612557564285714,14,45,148,10848.227381
2020-05-27 15:00:00,32.9282166,45.9347556,0.3312335933333333,15,0,148,10883.7785713
2020-05-27 15:15:00,32.6388932,43.367417200000006,0.2769386199999999,15,15,148,9156.1839285
2020-05-27 15:30:00,31.765978933333333,44.435286533333326,0.615993176,15,30,148,18035.2535715
2020-05-27 15:45:00,32.458738266666664,48.128287933333326,0.462262998,15,45,148,13428.0714284
2020-05-27 16:00:00,32.22288606666666,44.19463313333334,0.476263588,16,0,148,13821.6499999
2020-05-27 16:15:00,32.06696146666666,43.23507873333333,0.3650563653333333,16,15,148,11097.0285715
2020-05-27 16:30:00,32.060280266666666,42.74383126666667,0.3655789026666666,16,30,148,10665.6482143
2020-05-27 16:45:00,31.461081866666667,39.37515073333333,0.2224269813333333,16,45,148,6652.3732144
2020-05-27 17:00:00,30.93136807142857,35.767237857142845,0.1805451735714285,17,0,148,5705.9910712
2020-05-27 17:15:00,30.44563606666668,33.627032533333335,0.1241333933333333,17,15,148,3840.2464285
2020-05-27 17:30:00,30.095953266666665,31.55705773333333,0.0632720198666666,17,30,148,1961.24285714
2020-05-27 17:45:00,29.846213866666663,30.149639866666664,0.042321342,17,45,148,1293.06964285
2020-05-27 18:00:00,29.4541402,28.8870646,0.0208843500333333,18,0,148,637.0404762
2020-05-27 19:30:00,24.259470533333328,24.534897866666665,2.499842000000001e-05,19,30,148,0.0
2020-05-27 19:45:00,23.18479406666667,22.366939266666662,0.0,19,45,148,0.0
2020-05-27 20:00:00,23.055761666666665,21.543813,0.0,20,0,148,0.0
2020-05-27 20:15:00,22.88948166666666,21.416206933333328,0.0,20,15,148,0.0
2020-05-27 20:30:00,22.825628666666667,21.130249133333333,0.0,20,30,148,0.0
2020-05-27 20:45:00,22.96097606666667,21.154176733333337,0.0,20,45,148,0.0
2020-05-27 21:00:00,23.148819000000003,21.30161842857144,0.0,21,0,148,0.0
2020-05-27 21:15:00,23.238674,21.1259462,0.0,21,15,148,0.0
2020-05-27 21:30:00,23.172168,20.79120886666667,0.0,21,30,148,0.0
2020-05-27 21:45:00,23.009366933333336,20.558011866666664,0.0,21,45,148,0.0
2020-05-27 22:00:00,22.935736066666664,20.534486933333334,0.0,22,0,148,0.0
2020-05-27 22:15:00,22.89959913333333,20.5220438,0.0,22,15,148,0.0
2020-05-27 22:30:00,22.904701733333336,20.862552933333337,0.0,22,30,148,0.0
2020-05-27 22:45:00,22.901389466666668,21.32351266666667,0.0,22,45,148,0.0
2020-05-27 23:00:00,23.19335942857143,22.03716821428572,0.0,23,0,148,0.0
2020-05-27 23:15:00,23.445365266666663,22.402492266666663,0.0,23,15,148,0.0
2020-05-27 23:30:00,23.4742208,22.3474202,0.0,23,30,148,0.0
2020-05-27 23:45:00,23.370049866666665,22.21977766666667,0.0,23,45,148,0.0
2020-05-28 00:00:00,23.34788806666667,22.0466448,0.0,0,0,149,0.0
2020-05-28 00:15:00,23.154077266666665,21.732902066666668,0.0,0,15,149,0.0
2020-05-28 00:30:00,23.14515773333333,21.689501933333336,0.0,0,30,149,0.0
2020-05-28 00:45:00,23.120672733333333,21.7263734,0.0,0,45,149,0.0
2020-05-28 01:00:00,23.027730200000004,21.05123893333333,0.0,1,0,149,0.0
2020-05-28 01:15:00,22.74159678571429,20.341541785714288,0.0,1,15,149,0.0
2020-05-28 01:30:00,22.544309466666668,20.22720133333333,0.0,1,30,149,0.0
2020-05-28 01:45:00,22.4315856,20.403196200000004,0.0,1,45,149,0.0
2020-05-28 02:00:00,22.5432046,20.55102133333333,0.0,2,0,149,0.0
2020-05-28 02:15:00,22.5473002,20.59141633333333,0.0,2,15,149,0.0
2020-05-28 02:30:00,22.39808753333333,20.536779733333333,0.0,2,30,149,0.0
2020-05-28 02:45:00,22.4661296,20.652756666666665,0.0,2,45,149,0.0
2020-05-28 03:00:00,22.416562866666663,20.6208456,0.0,3,0,149,0.0
2020-05-28 03:15:00,22.44371464285713,20.575374142857143,0.0,3,15,149,0.0
2020-05-28 03:30:00,22.5855528,20.9133688,0.0,3,30,149,0.0
2020-05-28 03:45:00,22.70174173333333,21.1886312,0.0,3,45,149,0.0
2020-05-28 04:00:00,22.623174933333328,20.72333173333333,0.0,4,0,149,0.0
2020-05-28 04:15:00,22.6158384,20.25167433333333,0.0,4,15,149,0.0
2020-05-28 04:30:00,22.5532246,20.274528066666665,0.0,4,30,149,0.0
2020-05-28 04:45:00,22.43520106666667,19.97839766666667,0.0,4,45,149,0.0
2020-05-28 05:00:00,22.137520266666662,19.745314466666663,0.0,5,0,149,0.0
2020-05-28 05:15:00,21.98794553333333,19.99453113333333,0.0,5,15,149,0.0
2020-05-28 05:30:00,21.8506328,19.853891933333333,0.0,5,30,149,0.0
2020-05-28 05:45:00,21.65635885714285,19.201869428571428,0.0003840421982142,5,45,149,0.0
2020-05-28 06:00:00,21.6234394,19.321281066666668,0.0112265629133333,6,0,149,319.99464285
2020-05-28 06:15:00,21.681390466666667,19.693007533333333,0.0307983313333333,6,15,149,918.91607142
2020-05-28 06:30:00,21.9106464,20.365659666666662,0.0525764360666666,6,30,149,1699.01428571
2020-05-28 06:45:00,22.472273666666663,21.5067932,0.0920413659333333,6,45,149,2799.3250001
2020-05-28 07:00:00,23.251910266666663,23.56722206666667,0.1743799119999999,7,0,149,4195.2267858
2020-05-28 07:15:00,23.5200622,27.5222758,0.2293413006666666,7,15,149,5769.0892857
2020-05-28 07:30:00,24.100400866666668,31.043286133333336,0.2846431906666666,7,30,149,7406.2303571
2020-05-28 07:45:00,24.590855285714284,33.98376064285714,0.3392979014285714,7,45,149,9171.75
2020-05-28 08:00:00,25.104416866666664,36.957327933333325,0.3905541093333334,8,0,149,10821.3892858
2020-05-28 08:15:00,25.93090606666667,39.14253953333334,0.4474868786666667,8,15,149,12634.3124999
2020-05-28 08:30:00,26.5218384,40.79867733333334,0.5072556953333333,8,30,149,14491.6732143
2020-05-28 08:45:00,27.136891666666664,43.47980553333333,0.5679321226666665,8,45,149,16322.875
2020-05-28 09:00:00,27.544490533333327,44.7877972,0.6186352253333331,9,0,149,17716.7285715
2020-05-28 09:15:00,27.93476573333333,46.073250533333336,0.6627551926666667,9,15,149,19026.9375
2020-05-28 09:30:00,28.210111600000005,48.59591266666667,0.7142683660000001,9,30,149,20360.317857
2020-05-28 09:45:00,28.672439642857142,49.257720857142864,0.7337398671428571,9,45,149,20765.9303571
2020-05-28 10:00:00,28.899194400000003,50.217022533333335,0.8090980026666666,10,0,149,22032.6821431
2020-05-28 10:15:00,29.420182333333333,51.9404828,0.8295752813333332,10,15,149,22781.192856
2020-05-28 10:30:00,29.4800944,54.2505046,0.8182360253333333,10,30,149,21123.5321433
2020-05-28 10:45:00,29.966066466666664,55.059627,0.7252745073333334,10,45,149,20299.1089286
2020-05-28 11:00:00,29.914223333333336,51.16156006666666,0.807332034,11,0,149,23627.2982132
2020-05-28 11:15:00,30.556133933333328,57.9774638,0.9597508193333332,11,15,149,26766.376785
2020-05-28 11:30:00,31.31245933333333,59.503814466666654,1.009763066,11,30,149,27674.167856
2020-05-28 11:45:00,31.614807133333333,59.99013253333333,0.962788822,11,45,149,26917.846428
2020-05-28 12:00:00,31.7778442,59.602299333333335,0.9274572886666668,12,0,149,25870.578572
2020-05-28 12:15:00,32.29975366666667,60.04074324999999,1.0637222583333332,12,15,149,27749.459999
2020-05-28 12:30:00,32.15694978571428,58.43889107142857,0.8011804564285713,12,30,149,23658.0571445
2020-05-28 12:45:00,32.250663066666675,58.209017133333326,0.90865983,12,45,149,25921.603572
2020-05-28 13:00:00,32.9157552,60.926743466666665,1.0082438753333332,13,0,149,27568.916071
2020-05-28 13:15:00,33.30490126666667,61.48070286666666,0.87740903,13,15,149,22218.7803559
2020-05-28 13:30:00,32.802505857142854,49.77019207142857,0.5136740935714285,13,30,149,15553.2696427
2020-05-28 13:45:00,32.92808646666667,49.820072333333336,0.7417442313333333,13,45,149,21378.8250004
2020-05-28 14:00:00,33.757623499999994,56.5494842,0.718638987,14,0,149,20218.8736909
2020-05-28 14:15:00,32.78992792857142,46.81591135714286,0.4033134171428571,14,15,149,10330.6857143
2020-05-28 14:30:00,32.84624806666667,48.51458733333333,0.5518274599999999,14,30,149,17519.4607142
2020-05-28 14:45:00,32.96533184615384,46.83451484615385,0.5377807876923076,14,45,149,17363.8178572
2020-05-28 15:00:00,33.397930933333335,51.453865333333326,0.7397700273333334,15,0,149,21563.5517857
2020-05-28 15:15:00,33.418438800000004,50.9835652,0.642219944,15,15,149,18478.4946428
2020-05-28 15:30:00,33.45063293333333,49.20921033333333,0.5725103686666667,15,30,149,17295.1238095
2020-05-28 15:45:00,33.09783492857143,47.05743857142858,0.4793892407142857,15,45,149,13227.294643
2020-05-28 16:00:00,32.85396113333333,42.799833,0.206959974,16,0,149,6349.7130954
2020-05-28 16:15:00,32.72757773333334,40.30443513333333,0.3152401926666667,16,15,149,9557.4285714
2020-05-28 16:30:00,32.866440600000004,40.0736208,0.3207225406666667,16,30,149,9345.7267857
2020-05-28 16:45:00,32.67632835714286,38.693878142857145,0.2912888885714286,16,45,149,8025.2619046
2020-05-28 17:00:00,32.671417266666666,38.58448679999999,0.2348828546666666,17,0,149,7041.7809525
2020-05-28 17:15:00,32.512230571428574,37.494888142857135,0.1959377942857142,17,15,149,5646.6666666
2020-05-28 17:30:00,31.958078800000003,34.10791773333333,0.0836154068666666,17,30,149,2414.0610714
2020-05-28 17:45:00,31.476942933333337,31.634830733333327,0.0517987240666666,17,45,149,1467.33392857
2020-05-28 18:00:00,31.005800533333336,30.528898000000005,0.0359229087333333,18,0,149,1016.02857142
2020-05-28 18:15:00,30.42119707142857,29.995760357142856,0.0206756249642857,18,15,149,569.88988096
2020-05-28 18:30:00,29.723270928571427,29.320794285714285,0.0073991020928571,18,30,149,126.855000001
2020-05-28 18:45:00,28.56131,27.98389913333333,0.0012636806146,18,45,149,0.0
2020-05-28 19:00:00,28.059818466666663,27.340474333333336,0.0,19,0,149,0.0
2020-05-28 19:15:00,27.7923808,26.7919168,0.0,19,15,149,0.0
2020-05-28 19:30:00,27.6113422,26.0416464,0.0,19,30,149,0.0
2020-05-28 19:45:00,27.355645599999995,25.637278066666667,0.0,19,45,149,0.0
2020-05-28 20:00:00,27.13539564285714,25.529323071428568,0.0,20,0,149,0.0
2020-05-28 20:15:00,26.931520666666664,25.35537526666667,0.0,20,15,149,0.0
2020-05-28 20:30:00,26.724784466666662,25.210925266666667,0.0,20,30,149,0.0
2020-05-28 20:45:00,26.4515138,24.99562986666667,0.0,20,45,149,0.0
2020-05-28 21:00:00,26.2307618,24.619024666666665,0.0,21,0,149,0.0
2020-05-28 21:15:00,24.983808380952382,24.348965619047625,0.0,21,15,149,0.0
2020-05-28 21:30:00,22.000267692307688,20.65195161538461,0.0,21,30,149,0.0
2020-05-28 21:45:00,20.613987769230768,19.553316538461537,0.0,21,45,149,0.0
2020-05-28 22:00:00,20.845003333333327,19.865224266666665,0.0,22,0,149,0.0
2020-05-28 22:15:00,21.100152466666668,20.133622066666664,0.0,22,15,149,0.0
2020-05-29 06:15:00,20.838399333333328,20.166653916666665,0.0409023354166666,6,15,150,1080.37999997
2020-05-29 06:30:00,21.0031935,20.9889395,0.0663231575714285,6,30,150,2099.73571429
2020-05-29 06:45:00,21.185152066666664,21.922501733333327,0.0998780443333333,6,45,150,3273.3517857
2020-05-29 07:00:00,21.43288993333333,24.118766333333333,0.1301255426666666,7,0,150,4231.3892855
2020-05-29 07:15:00,21.80819506666667,26.070054,0.1339008513333333,7,15,150,4268.8232142
2020-05-29 07:30:00,22.1382732,26.9603476,0.1528612619999999,7,30,150,4791.3482143
2020-05-29 07:45:00,22.34573353333333,28.182126799999995,0.188819984,7,45,150,5848.9375001
2020-05-29 08:00:00,22.677024466666666,29.930456466666666,0.2336446046666666,8,0,150,7222.8142858
2020-05-29 08:15:00,23.168194600000003,32.699511466666664,0.299662534,8,15,150,9220.0428572
2020-05-29 08:30:00,23.66407273333333,35.258107466666665,0.359172322,8,30,150,10845.2000001
2020-05-29 08:45:00,24.082292928571427,37.545538642857146,0.3933412785714285,8,45,150,11963.2607144
2020-05-29 09:00:00,24.37939666666667,40.127750600000006,0.4835685933333334,9,0,150,14808.5589285
2020-05-29 09:15:00,25.400056866666667,47.31288253333333,0.6839935373333333,9,15,150,19528.4303573
2020-05-29 09:30:00,25.6231832,47.156502466666666,0.4851745126666666,9,30,150,14002.4964287
2020-05-29 09:45:00,26.1870668,47.0743288,0.6188715400000001,9,45,150,18176.3946428
2020-05-29 10:00:00,26.661143,47.86209886666667,0.6259291153333334,10,0,150,18782.1184526
2020-05-29 10:15:00,27.280598866666665,56.17617786666667,0.922471946,10,15,150,25492.103572
2020-05-29 10:30:00,27.962141933333328,59.34772946666667,0.9426408173333332,10,30,150,25920.391072
2020-05-29 10:45:00,28.6902568,57.816648333333326,0.880648258,10,45,150,24585.980359
2020-05-29 11:00:00,28.989419142857145,58.54648692857143,0.89846418,11,0,150,25039.755357
2020-05-29 11:15:00,29.171191466666667,57.72865393333333,0.844823108,11,15,150,23529.7910723
2020-05-29 11:30:00,29.170436533333337,54.0487796,0.7256673206666666,11,30,150,19947.0482142
2020-05-29 11:45:00,29.452115866666663,57.48017959999999,1.0518955426666667,11,45,150,27085.746429
2020-05-29 12:00:00,30.0820658,61.4289776,0.875959719333333,12,0,150,25494.689286
2020-05-29 12:15:00,29.980607066666668,58.23431193333333,0.7119324986666667,12,15,150,21911.807143
2020-05-29 12:30:00,30.22876786666666,58.4341208,0.907262212,12,30,150,25621.682142
2020-05-29 12:45:00,30.414278266666667,62.09320066666666,0.964028712,12,45,150,26621.633929
2020-05-29 13:00:00,31.0336488,63.14266973333333,0.9750077606666668,13,0,150,26889.571428
2020-05-29 13:15:00,31.226418066666668,63.19209206666668,0.906359092,13,15,150,24891.785714
2020-05-29 13:30:00,31.451491266666668,58.442191666666666,0.870920262,13,30,150,23555.8982153
2020-05-29 13:45:00,31.4721985,58.874195642857146,0.631655037142857,13,45,150,19095.6910714
2020-05-29 14:00:00,31.29462073333333,50.15845953333333,0.4715989833333333,14,0,150,14366.05
2020-05-29 14:15:00,31.446600466666663,51.540208,0.7254104080000001,14,15,150,19973.1464289
2020-05-29 14:30:00,31.9529074,53.654715866666656,0.611296238,14,30,150,17602.7785714
2020-05-29 14:45:00,32.07957366666666,53.019840733333325,0.6525659726666667,14,45,150,18957.2696428
2020-05-29 15:00:00,32.37420473333333,52.76566173333333,0.5593601680000001,15,0,150,16593.078571500002
2020-05-29 15:15:00,32.275811866666665,51.221810066666656,0.5192661353333333,15,15,150,16108.2428572
2020-05-29 15:30:00,32.34201053333333,48.925150733333325,0.5249432360000001,15,30,150,15076.8053572
2020-05-29 15:45:00,32.46573564285715,48.318494571428566,0.5348639064285715,15,45,150,15753.6482143
2020-05-29 16:00:00,32.45574533333333,47.4088624,0.484228046,16,0,150,14501.3964285
2020-05-29 16:15:00,31.814784666666668,46.41744406666666,0.457150144,16,15,150,13762.0982143
2020-05-29 16:30:00,31.6578208,43.54560113333334,0.3026864813333333,16,30,150,9019.2625
2020-05-29 16:45:00,30.836218333333328,39.6094684,0.25664592,16,45,150,7803.8196427
2020-05-29 17:00:00,30.0257304,36.7043906,0.2275632,17,0,150,6927.1874999
2020-05-29 17:15:00,29.58132926666667,34.95715533333333,0.163290324,17,15,150,4987.6857142
2020-05-29 17:30:00,29.13962606666667,32.1050026,0.0869776312666666,17,30,150,2654.9375
2020-05-29 17:45:00,28.608535642857145,30.09376085714285,0.0651276525,17,45,150,1972.14642857
2020-05-29 18:00:00,28.177933666666664,28.66382253333333,0.0333130082666666,18,0,150,950.96607143
2020-05-29 18:15:00,27.792637066666668,27.22354733333333,0.0104024432133333,18,15,150,269.46309523
2020-05-29 20:00:00,25.53364046666667,23.554854333333328,0.0,20,0,150,0.0
2020-05-29 20:15:00,25.580924,24.16174314285714,0.0,20,15,150,0.0
2020-05-29 20:30:00,25.6105834,24.433229466666667,0.0,20,30,150,0.0
2020-05-29 20:45:00,25.57697573333333,24.296307333333328,0.0,20,45,150,0.0
2020-05-29 21:00:00,25.569374466666662,24.1769226,0.0,21,0,150,0.0
2020-05-29 21:15:00,25.5727214,24.305244933333327,0.0,21,15,150,0.0
2020-05-29 21:30:00,25.53245233333333,24.24543453333333,0.0,21,30,150,0.0
2020-05-29 21:45:00,25.4170736,24.084344533333333,0.0,21,45,150,0.0
2020-05-29 22:00:00,25.315657466666668,24.1501708,0.0,22,0,150,0.0
2020-05-29 22:15:00,24.6701782,23.417525333333334,0.0,22,15,150,0.0
2020-05-29 22:30:00,22.479893,21.288265066666668,0.0,22,30,150,0.0
2020-05-29 22:45:00,21.80762807142857,20.890234857142858,0.0,22,45,150,0.0
2020-05-29 23:00:00,21.58188473333333,20.800057066666668,0.0,23,0,150,0.0
2020-05-29 23:15:00,21.44609786666667,20.709676,0.0,23,15,150,0.0
2020-05-29 23:30:00,21.5154318,20.651177866666668,0.0,23,30,150,0.0
2020-05-29 23:45:00,21.5897746,20.9075114,0.0,23,45,150,0.0
2020-05-30 00:00:00,21.52715873333333,20.8601236,0.0,0,0,151,0.0
2020-05-30 00:15:00,21.492806,20.699059866666666,0.0,0,15,151,0.0
2020-05-30 00:30:00,21.3664144,20.529703666666663,0.0,0,30,151,0.0
2020-05-30 00:45:00,21.3732096,20.504990666666664,0.0,0,45,151,0.0
2020-05-30 01:00:00,21.3210645,20.41563628571429,0.0,1,0,151,0.0
2020-05-30 01:15:00,21.295438733333327,20.294574,0.0,1,15,151,0.0
2020-05-30 01:30:00,21.305418000000003,20.40134893333333,0.0,1,30,151,0.0
2020-05-30 01:45:00,21.262144,20.473541333333333,0.0,1,45,151,0.0
2020-05-30 02:00:00,21.25114333333333,20.463403266666663,0.0,2,0,151,0.0
2020-05-30 02:15:00,21.316385866666668,20.49529,0.0,2,15,151,0.0
2020-05-30 02:30:00,21.313004600000003,20.61629026666667,0.0,2,30,151,0.0
2020-05-30 02:45:00,21.401043666666663,20.689916933333333,0.0,2,45,151,0.0
2020-05-30 03:00:00,21.4183166,20.60063273333333,0.0,3,0,151,0.0
2020-05-30 03:15:00,21.398672857142856,20.531991142857144,0.0,3,15,151,0.0
2020-05-30 03:30:00,21.374104733333333,20.533020066666666,0.0,3,30,151,0.0
2020-05-30 03:45:00,21.3664836,20.48927813333333,0.0,3,45,151,0.0
2020-05-30 04:00:00,21.413842733333336,20.515926,0.0,4,0,151,0.0
2020-05-30 04:15:00,21.42423293333333,20.5375876,0.0,4,15,151,0.0
2020-05-30 04:30:00,21.4370606,20.5680806,0.0,4,30,151,0.0
2020-05-30 04:45:00,21.293420333333334,20.270672800000003,0.0,4,45,151,0.0
2020-05-30 05:00:00,21.242486466666666,20.148506666666663,0.0,5,0,151,0.0
2020-05-30 05:15:00,21.276218733333337,20.2370014,0.0,5,15,151,0.0
2020-05-30 05:30:00,21.26208493333333,20.15769046666667,0.0,5,30,151,0.0
2020-05-30 05:45:00,21.226811071428568,19.82743392857144,0.0010542331467857,5,45,151,0.0
2020-05-30 06:00:00,21.150111866666663,19.747505800000003,0.00783505386,6,0,151,157.8875
2020-05-30 06:15:00,21.185369800000004,20.100394533333336,0.0230068427666666,6,15,151,667.58392856
2020-05-30 06:30:00,21.3506612,20.921696,0.0503953045333333,6,30,151,1492.36071428
2020-05-30 06:45:00,21.591829466666663,21.91393233333333,0.0836293638666666,6,45,151,2570.3303571
2020-05-30 07:00:00,21.786851066666664,22.9464376,0.1167449068666666,7,0,151,3660.3196427
2020-05-30 07:15:00,22.16442873333333,24.749108733333337,0.15050792,7,15,151,4740.9910716
2020-05-30 07:30:00,22.4847634,25.541505866666665,0.1371546752,7,30,151,4319.6035713
2020-05-30 07:45:00,22.754195266666667,27.122273733333333,0.163594894,7,45,151,5059.8250001
2020-05-30 08:00:00,22.792192642857145,28.886864857142857,0.2194022685714285,8,0,151,6654.3357143
2020-05-30 08:15:00,23.30529986666667,32.51050999999999,0.319270414,8,15,151,9354.3160715
2020-05-30 08:30:00,23.722454733333333,34.3021282,0.257492758,8,30,151,7725.2589284
2020-05-30 08:45:00,23.959779666666662,33.923728333333344,0.2414865233333333,8,45,151,7459.6321429
2020-05-30 09:00:00,24.185119466666663,33.2824116,0.2588894479999999,9,0,151,8148.517857199999
2020-05-30 09:15:00,24.408231533333336,34.40989966666667,0.3711218493333333,9,15,151,11679.4892857
2020-05-30 09:30:00,24.94327793333333,37.55877506666666,0.4308539586666666,9,30,151,13496.5142857
2020-05-30 09:45:00,24.95345873333333,35.66078086666666,0.31364225,9,45,151,10051.3785715
2020-05-30 10:00:00,24.9230428,32.240460133333336,0.304070602,10,0,151,10074.8696428
2020-05-30 10:15:00,24.95966,30.926380785714283,0.2776844828571428,10,15,151,9409.9999999
2020-05-30 10:30:00,24.808402466666667,30.401300066666664,0.3370152366666666,10,30,151,11363.7946429
2020-05-30 10:45:00,24.85946453333333,32.48247873333333,0.348691926,10,45,151,11533.0624999
2020-05-30 11:00:00,25.07773446666667,35.4601398,0.4262679866666666,11,0,151,14084.3875
2020-05-30 11:15:00,25.542982933333327,41.660313,0.715572958,11,15,151,21900.1767863
2020-05-30 11:30:00,26.040903733333334,44.667008466666665,0.561617874,11,30,151,16961.844643
2020-05-30 11:45:00,26.3615418,46.695184266666665,0.6239884299999999,11,45,151,18955.9160713
2020-05-30 12:00:00,27.0928548,57.691178466666656,1.151102274,12,0,151,29150.212499
2020-05-30 12:15:00,27.6734152,62.91643313333333,0.7998236226666667,12,15,151,21316.4857136
2020-05-30 12:30:00,28.24220935714285,60.84071814285714,1.1225500642857145,12,30,151,27642.699999
2020-05-30 12:45:00,28.96689653333334,62.345989,0.771698892,12,45,151,21654.7249995
2020-05-30 13:00:00,28.826908466666666,53.6317382,0.6454755853333334,13,0,151,18959.4874999
2020-05-30 13:15:00,28.9500306,56.0328042,0.9492787793333332,13,15,151,24953.001787
2020-05-30 13:30:00,29.13891813333333,53.3879132,0.8056238186666665,13,30,151,22743.8249996
2020-05-30 13:45:00,29.40827633333333,55.02622280000001,0.8897051446666668,13,45,151,25164.673214
2020-05-30 14:00:00,29.928074066666667,54.66195460000001,0.886393536,14,0,151,24754.357144
2020-05-30 14:15:00,30.114007466666664,54.58146206666667,0.8507950519999999,14,15,151,24355.048212
2020-05-30 14:30:00,30.26233913333333,52.088154933333335,0.776912684,14,30,151,22697.2321435
2020-05-30 14:45:00,30.07889021428572,52.50944735714285,0.7406104714285713,14,45,151,21694.9089284
2020-05-30 15:00:00,30.49638266666667,51.013694,0.6983646913333333,15,0,151,20523.7964285
2020-05-30 15:15:00,30.8197694,47.81379373333333,0.6433630186666666,15,15,151,19094.8553572
2020-05-30 15:30:00,30.739146,47.6748986,0.5930513439999998,15,30,151,17673.6517856
2020-05-30 15:45:00,30.839324866666665,46.916251733333326,0.5397100973333333,15,45,151,16152.8446429
2020-05-30 16:00:00,31.278884,44.566937,0.4816808006666666,16,0,151,14492.1267857
2020-05-30 16:15:00,31.0069884,42.35145673333333,0.4227470493333333,16,15,151,12366.7767858
2020-05-30 16:30:00,30.61301473333333,39.94118873333333,0.3143966613333332,16,30,151,9015.0875
2020-05-30 16:45:00,30.771809071428567,37.85851378571428,0.3052764092857143,16,45,151,9005.2
2020-05-30 17:00:00,30.710561,36.66297186666667,0.2547879166666667,17,0,151,7339.6357142
2020-05-30 17:15:00,30.203381266666668,34.472900466666665,0.2018936086666666,17,15,151,5649.8517859
2020-05-30 17:30:00,30.037693333333333,32.64035633333333,0.1410142690666667,17,30,151,3839.9339285
2020-05-30 17:45:00,29.534391266666667,30.59927986666668,0.0770711165333333,17,45,151,2193.93214287
2020-05-30 18:00:00,28.9436726,28.7049784,0.0478600682,18,0,151,1410.27321428
2020-05-30 18:15:00,28.536002666666665,27.2036742,0.0194361867666666,18,15,151,611.38214286
2020-05-30 18:30:00,28.10139566666667,25.64277146666668,0.0034388459133333,18,30,151,64.792857142
2020-05-30 18:45:00,27.70457366666667,24.644746866666665,0.0,18,45,151,0.0
2020-05-30 19:00:00,27.338289642857145,23.92244607142857,0.0,19,0,151,0.0
2020-05-30 19:15:00,26.9142048,23.59680393333333,0.0,19,15,151,0.0
2020-05-30 19:30:00,26.376255266666668,24.04932253333333,0.0,19,30,151,0.0
2020-05-30 19:45:00,25.91156826666667,23.50879526666667,0.0,19,45,151,0.0
2020-05-30 20:00:00,25.64443966666667,23.44923293333333,0.0,20,0,151,0.0
2020-05-30 20:15:00,25.47801713333333,23.189469400000004,0.0,20,15,151,0.0
2020-05-30 20:30:00,25.3493976,23.222784466666667,0.0,20,30,151,0.0
2020-05-30 20:45:00,24.481256200000004,23.4801616,0.0,20,45,151,0.0
2020-05-30 21:00:00,24.16049421428572,22.467919428571427,0.0,21,0,151,0.0
2020-05-30 21:15:00,23.783605866666665,21.47575886666667,0.0,21,15,151,0.0
2020-05-30 21:30:00,23.541682933333338,21.23525586666667,0.0,21,30,151,0.0
2020-05-30 21:45:00,23.33104853333333,21.1661254,0.0,21,45,151,0.0
2020-05-30 22:00:00,23.26649373333333,21.261847066666665,0.0,22,0,151,0.0
2020-05-30 22:15:00,23.247796666666662,21.252518866666662,0.0,22,15,151,0.0
2020-05-30 22:30:00,23.227238,21.093687066666668,0.0,22,30,151,0.0
2020-05-30 22:45:00,23.36821886666668,21.33069053333333,0.0,22,45,151,0.0
2020-05-30 23:00:00,23.299794533333337,21.227034600000003,0.0,23,0,151,0.0
2020-05-30 23:15:00,23.2678135,21.47387485714286,0.0,23,15,151,0.0
2020-05-30 23:30:00,23.308522466666663,21.4654338,0.0,23,30,151,0.0
2020-05-30 23:45:00,23.170756,21.07266833333333,0.0,23,45,151,0.0
2020-05-31 00:00:00,23.113399266666665,21.02477813333333,0.0,0,0,152,0.0
2020-05-31 00:15:00,23.277626466666668,21.416035866666668,0.0,0,15,152,0.0
2020-05-31 00:30:00,23.664210999999995,22.226295933333336,0.0,0,30,152,0.0
2020-05-31 00:45:00,23.67028613333333,22.42146,0.0,0,45,152,0.0
2020-05-31 01:00:00,23.73268626666667,22.616561,0.0,1,0,152,0.0
2020-05-31 01:15:00,23.739192666666668,22.341609866666666,0.0,1,15,152,0.0
2020-05-31 01:30:00,23.571071142857143,22.014380428571428,0.0,1,30,152,0.0
2020-05-31 01:45:00,23.530092266666664,21.836610933333333,0.0,1,45,152,0.0
2020-05-31 02:00:00,23.439050266666666,21.8317772,0.0,2,0,152,0.0
2020-05-31 02:15:00,23.383164466666667,21.6668702,0.0,2,15,152,0.0
2020-05-31 02:30:00,23.1820678,21.1325806,0.0,2,30,152,0.0
2020-05-31 02:45:00,23.021513,21.1587972,0.0,2,45,152,0.0
2020-05-31 03:00:00,22.88455606666667,20.9923156,0.0,3,0,152,0.0
2020-05-31 03:15:00,22.887363666666666,21.125909466666663,0.0,3,15,152,0.0
2020-05-31 03:30:00,22.852510785714287,21.19331814285714,0.0,3,30,152,0.0
2020-05-31 03:45:00,22.62314046666667,20.7485924,0.0,3,45,152,0.0
2020-05-31 04:00:00,22.537526466666662,20.769449866666665,0.0,4,0,152,0.0
2020-05-31 04:15:00,22.425286866666667,20.812656666666665,0.0,4,15,152,0.0
2020-05-31 04:30:00,22.25009353333333,20.68480226666667,0.0,4,30,152,0.0
2020-05-31 04:45:00,22.24558513333333,20.75850213333333,0.0,4,45,152,0.0
2020-05-31 05:00:00,22.04795533333333,20.42230826666667,0.0,5,0,152,0.0
2020-05-31 05:15:00,22.0624776,20.415987200000004,0.0,5,15,152,0.0
2020-05-31 05:30:00,22.021704133333333,20.646187266666665,0.0,5,30,152,0.0
2020-05-31 05:45:00,21.99744528571428,20.77739385714285,0.0012950159907142,5,45,152,0.0
2020-05-31 06:00:00,21.98220433333333,20.879634666666668,0.0092814357466666,6,0,152,212.099999995
2020-05-31 06:15:00,22.0364666,21.229018066666665,0.0316197704666666,6,15,152,972.98750001
2020-05-31 06:30:00,22.34989833333333,22.100982666666667,0.0565229884,6,30,152,1741.51250001
2020-05-31 06:45:00,22.65153,22.805830800000003,0.0716501757333333,6,45,152,2219.65178584
2020-05-31 07:00:00,22.765519200000004,23.1308492,0.0824505469333333,7,0,152,2570.4535714
2020-05-31 07:15:00,22.78110746666666,23.733522600000004,0.0892736406,7,15,152,2838.219643
2020-05-31 07:30:00,22.9010762,24.93784793333333,0.1332021513333333,7,30,152,4273.7642858
2020-05-31 07:45:00,23.244622733333337,26.083353666666667,0.15224982,7,45,152,4901.3017857
2020-05-31 08:00:00,23.507492071428576,26.79229507142857,0.1821268135714285,8,0,152,5857.2624999
2020-05-31 08:15:00,23.899300266666664,29.06023366666667,0.2427383993333333,8,15,152,7699.4517856
2020-05-31 08:30:00,24.370550666666663,32.55040273333334,0.3068565886666666,8,30,152,9423.2660715
2020-05-31 08:45:00,24.738476533333337,36.2081646,0.509690432,8,45,152,14896.0535713
2020-05-31 09:00:00,25.1560954,42.945062333333325,0.5058525086666666,9,0,152,15137.4321428
2020-05-31 09:15:00,25.63316453333333,41.67780593333334,0.354595126,9,15,152,11458.8678572
2020-05-31 09:30:00,26.220489466666667,42.41054713333334,0.6364364953333334,9,30,152,17958.375
2020-05-31 09:45:00,26.57203993333333,42.26560886666665,0.428165058,9,45,152,13723.3660714
2020-05-31 10:00:00,26.7760782,41.781502133333326,0.472579002,10,0,152,13752.1124999
2020-05-31 10:15:00,27.000671500000003,42.06565842857143,0.7297147092857142,10,15,152,22443.6642865
2020-05-31 10:30:00,27.968046,52.7022728,1.0191648606666668,10,30,152,26651.289287
2020-05-31 10:45:00,28.05637,52.408536733333335,0.72428377,10,45,152,20095.942857
2020-05-31 11:00:00,28.0176412,47.200712266666656,0.5205349913333333,11,0,152,18002.807143
2020-05-31 11:15:00,28.252118,47.370047933333325,0.6365820806666665,11,15,152,22416.208929
2020-05-31 11:30:00,28.6178812,48.29328619999999,0.7692376179999999,11,30,152,24340.4357148
2020-05-31 11:45:00,29.2730122,51.366605533333335,0.5181913166666666,11,45,152,17281.0482143
2020-05-31 12:00:00,29.261606933333333,49.6573588,0.6356642493333334,12,0,152,19209.1071419
2020-05-31 12:15:00,29.223415066666668,51.2609924,0.6613621766666666,12,15,152,18339.0357143
2020-05-31 12:30:00,29.477185066666667,48.671240066666655,0.4782781806666666,12,30,152,15106.9982144
2020-05-31 12:45:00,30.28202614285715,56.95899535714286,1.034329982142857,12,45,152,27863.723214
2020-05-31 13:00:00,30.402663066666666,58.3018188,0.6815564133333333,13,0,152,19024.9535715
2020-05-31 13:15:00,30.6310384,54.56202766666667,0.5263585046666664,13,15,152,13622.2839285
2020-05-31 13:30:00,30.10173753333333,48.06596086666667,0.4111925310666667,13,30,152,11779.0160715
2020-05-31 13:45:00,29.92045486666667,41.76569859999999,0.4418567756666667,13,45,152,12051.5464286
2020-05-31 14:00:00,30.8515666,55.29098946666667,0.8758627453333333,14,0,152,22991.6160713
2020-05-31 14:15:00,31.1993794,54.79211026666666,0.5884872353333334,14,15,152,17164.0071428
2020-05-31 14:30:00,30.053727133333336,40.58806333333334,0.155080448,14,30,152,4861.3928573
2020-05-31 14:45:00,29.1820414,35.28159566666666,0.1810435286666666,14,45,152,5988.9625
2020-05-31 15:00:00,27.56227564285714,31.202229142857146,0.1418597668571428,15,0,152,4692.032143
2020-05-31 15:15:00,27.4072612,30.092036933333333,0.1321317535333333,15,15,152,4410.8053572
2020-05-31 15:30:00,27.53361213333333,32.33926173333334,0.2161607053333333,15,30,152,7069.6285714
2020-05-31 15:45:00,27.73206186666667,33.554784733333335,0.205583812,15,45,152,6601.9660715
2020-05-31 16:00:00,27.55705773333333,33.73647673333334,0.1990470293333333,16,0,152,6474.6142856
2020-05-31 16:15:00,27.7056072,32.5780582,0.1415173426666666,16,15,152,4624.2125002
2020-05-31 16:30:00,27.8887166,31.477473866666667,0.1193123422666666,16,30,152,3910.0124999
2020-05-31 16:45:00,27.969102,31.016943466666667,0.1215033461999999,16,45,152,3905.5928572
2020-05-31 17:00:00,28.140496428571428,31.05289985714285,0.1329208607142857,17,0,152,4243.7107144
2020-05-31 17:15:00,28.146706,30.946114066666663,0.1223565883333333,17,15,152,3855.0160714
2020-05-31 17:30:00,27.9943766,30.289263866666666,0.0971044788,17,30,152,3010.5749999
2020-05-31 17:45:00,27.8205282,29.2812134,0.0713218832666666,17,45,152,2234.5874999
2020-05-31 18:00:00,27.548073266666663,28.141593400000005,0.0467072187333333,18,0,152,1426.59999999
2020-05-31 18:15:00,27.190853066666666,26.823720333333338,0.0192099305333333,18,15,152,559.41071428
2020-05-31 18:30:00,26.81842646666667,25.489147866666663,0.0033529643513333,18,30,152,50.192857144
2020-05-31 18:45:00,26.5084412,25.07378133333333,0.0,18,45,152,0.0
2020-05-31 19:00:00,26.167299333333336,24.48174433333333,0.0,19,0,152,0.0
2020-05-31 20:45:00,24.591292266666663,22.104187,0.0,20,45,152,0.0
2020-05-31 21:00:00,24.463079733333327,22.1804992,0.0,21,0,152,0.0
2020-05-31 21:15:00,24.313775733333333,22.179577666666667,0.0,21,15,152,0.0
2020-05-31 21:30:00,24.13310953333333,22.0253376,0.0,21,30,152,0.0
2020-05-31 21:45:00,24.018480500000003,21.83034421428572,0.0,21,45,152,0.0
2020-05-31 22:00:00,23.910445066666668,21.8468058,0.0,22,0,152,0.0
2020-05-31 22:15:00,23.797349066666666,21.6842774,0.0,22,15,152,0.0
2020-05-31 22:30:00,23.674768066666665,21.37980553333333,0.0,22,30,152,0.0
2020-05-31 22:45:00,23.670292,21.69107053333333,0.0,22,45,152,0.0
2020-05-31 23:00:00,23.795434466666663,22.067777533333327,0.0,23,0,152,0.0
2020-05-31 23:15:00,23.727901133333337,21.662972000000003,0.0,23,15,152,0.0
2020-05-31 23:30:00,23.497284,21.05140173333333,0.0,23,30,152,0.0
2020-05-31 23:45:00,23.244697866666662,20.774560466666667,0.0,23,45,152,0.0
2020-06-01 00:00:00,23.128673000000003,20.46430528571429,0.0,0,0,153,0.0
2020-06-01 00:15:00,23.032562266666663,20.34142853333333,0.0,0,15,153,0.0
2020-06-01 00:30:00,22.96749253333333,20.269492666666668,0.0,0,30,153,0.0
2020-06-01 00:45:00,22.810593666666666,20.19891753333333,0.0,0,45,153,0.0
2020-06-01 01:00:00,22.611436000000005,20.08586626666667,0.0,1,0,153,0.0
2020-06-01 01:15:00,22.497412200000003,20.263627133333337,0.0,1,15,153,0.0
2020-06-01 01:30:00,22.34894813333333,20.2015706,0.0,1,30,153,0.0
2020-06-01 01:45:00,22.151637733333327,20.0454856,0.0,1,45,153,0.0
2020-06-01 02:00:00,21.993119266666667,19.941202666666666,0.0,2,0,153,0.0
2020-06-01 02:15:00,21.974261533333333,20.0685444,0.0,2,15,153,0.0
2020-06-01 02:30:00,21.967161,20.039766642857145,0.0,2,30,153,0.0
2020-06-01 02:45:00,21.9381226,20.0180746,0.0,2,45,153,0.0
2020-06-01 03:00:00,21.76579393333333,19.6118978,0.0,3,0,153,0.0
2020-06-01 03:15:00,21.644565866666667,19.6476928,0.0,3,15,153,0.0
2020-06-01 03:30:00,21.570589266666666,19.549098533333336,0.0,3,30,153,0.0
2020-06-01 03:45:00,21.468520066666667,19.54833973333333,0.0,3,45,153,0.0
2020-06-01 04:00:00,21.497992,19.928173933333333,0.0,4,0,153,0.0
2020-06-01 04:15:00,21.513077666666668,19.81860353333333,0.0,4,15,153,0.0
2020-06-01 04:30:00,21.489196866666664,19.8354494,0.0,4,30,153,0.0
2020-06-01 04:45:00,21.301675,19.44403321428572,0.0,4,45,153,0.0
2020-06-01 05:00:00,21.234995533333333,19.2844768,0.0,5,0,153,0.0
2020-06-01 05:15:00,21.34605493333333,19.5410582,0.0,5,15,153,0.0
2020-06-01 05:30:00,21.31367793333333,19.632078133333334,0.0,5,30,153,0.0
2020-06-01 05:45:00,21.171103933333328,19.48152053333333,0.0001461652226,5,45,153,0.0
2020-06-01 06:00:00,21.2783936,19.96554366666667,0.0083067844,6,0,153,164.980357142
2020-06-01 06:15:00,21.563067533333328,20.756795266666668,0.0331196089333333,6,15,153,957.9375
2020-06-01 06:30:00,21.887721666666664,21.544547666666663,0.0685966837333333,6,30,153,2051.10535714
2020-06-01 06:45:00,22.247434428571427,22.354954428571432,0.1091689054285714,6,45,153,3330.2267858
2020-06-01 07:00:00,22.77360833333333,23.338553800000003,0.1611515566666666,7,0,153,4552.7
2020-06-01 07:15:00,23.262593733333336,24.914294266666666,0.2420570666666666,7,15,153,6716.4571429
2020-06-01 07:30:00,23.855379333333328,28.475939999999994,0.3281197973333333,7,30,153,9060.4928572
2020-06-01 07:45:00,24.36161093333333,32.225032666666664,0.3831310706666666,7,45,153,10644.8910711
2020-06-01 08:00:00,24.854911266666665,35.20188793333334,0.4699400059999999,8,0,153,13254.6142857
2020-06-01 08:15:00,25.21634506666667,37.05501713333334,0.4473209473333333,8,15,153,12401.2571428
2020-06-01 08:30:00,25.806608266666668,40.64385373333334,0.4222147773333333,8,30,153,12440.2089288
2020-06-01 08:45:00,26.156099266666665,40.93814893333334,0.507318458,8,45,153,14504.4089286
2020-06-01 09:00:00,26.705200071428568,45.106050571428575,0.5360867057142857,9,0,153,15079.0928572
2020-06-01 09:15:00,26.58655813333333,42.300410866666674,0.4202787366666667,9,15,153,12739.3750001
2020-06-01 09:30:00,26.98462526666667,43.369055266666656,0.4341309313333333,9,30,153,13342.6107142
2020-06-01 09:45:00,27.534234666666663,43.0649942,0.5377770619999998,9,45,153,15846.3446429
2020-06-01 10:00:00,27.853426133333333,49.001849333333325,0.5835384213333334,10,0,153,16691.7714285
2020-06-01 10:15:00,28.367919866666668,49.108597866666656,0.7230391853333333,10,15,153,18858.0660714
2020-06-01 10:30:00,29.10705953333333,54.622047866666655,0.92426021,10,30,153,25290.5678559
2020-06-01 10:45:00,29.4410646,56.354778933333336,0.931341062,10,45,153,24875.085714
2020-06-01 11:00:00,29.58492026666667,58.597363133333324,1.016641412,11,0,153,22940.2035695
2020-06-01 11:15:00,29.76473564285714,55.351970142857134,0.4945148071428571,11,15,153,21767.885714
2020-06-01 11:30:00,29.817582266666665,54.12078233333333,1.0894755359999997,11,30,153,26393.8124987
2020-06-01 11:45:00,29.742185466666665,52.615881266666655,0.3712747633333333,11,45,153,12172.3196428
2020-06-01 12:00:00,28.940915933333333,42.71684573333333,0.3569624046666666,12,0,153,11351.0464286
2020-06-01 12:15:00,29.6550456,49.0828572,0.6197431146666665,12,15,153,14862.9482144
2020-06-01 12:30:00,29.979579800000003,49.852822,0.580272074,12,30,153,16115.5053572
2020-06-01 12:45:00,29.42465813333333,43.14005753333333,0.2833920893333333,12,45,153,8665.417857
2020-06-01 13:00:00,28.995208666666663,39.9702698,0.4579382833333333,13,0,153,14748.5482143
2020-06-01 13:15:00,29.63224571428572,50.96551314285714,0.7342295764285713,13,15,153,20188.9589292
2020-06-01 13:30:00,27.7970438,36.62138300000001,0.6673560326666667,13,30,153,20957.7464294
2020-06-01 13:45:00,28.47627846153846,42.37028861538461,0.480327483076923,13,45,153,13970.65
2020-06-01 14:00:00,28.7127584,40.05736913333333,0.1937693263333333,14,0,153,6139.0857142
2020-06-01 14:15:00,26.093007466666663,26.907125,0.2159930109999999,14,15,153,7184.1125
2020-06-01 14:30:00,26.54801433333333,32.771891,0.3338253060000001,14,30,153,10804.9999999
2020-06-01 14:45:00,26.772544533333328,32.65239666666667,0.197582556,14,45,153,6458.0125
2020-06-01 15:00:00,26.8806398,31.682238933333327,0.1836250126666666,15,0,153,6254.7714285
2020-06-01 15:15:00,26.798168933333333,30.744077466666667,0.1274455812,15,15,153,4300.3
2020-06-01 15:30:00,26.589176466666665,29.4781636,0.1128437932,15,30,153,3794.3999998
2020-06-01 15:45:00,26.5301995,28.573238,0.0940941717857142,15,45,153,3104.8875
2020-06-01 16:00:00,26.572758,28.462253866666668,0.1077558996666666,16,0,153,3622.9714286
2020-06-01 16:15:00,26.67944946666666,29.282659866666663,0.1279617990666666,16,15,153,4206.6375
2020-06-01 16:30:00,26.8031698,29.5815856,0.1144654460666666,16,30,153,3747.7000002
2020-06-01 16:45:00,26.71589153333333,29.159596866666664,0.1060586724666666,16,45,153,3475.0678571
2020-06-01 17:00:00,26.14214893333333,28.067810066666667,0.0866831524666666,17,0,153,2819.294643
2020-06-01 17:15:00,25.8629782,26.99750153333333,0.0639746532,17,15,153,2092.93571429
2020-06-01 17:30:00,25.6956218,26.355127000000003,0.0458670224666666,17,30,153,1472.85357142
2020-06-01 17:45:00,25.624135333333328,25.999684533333333,0.0509346373333333,17,45,153,1488.65178571
2020-06-01 18:00:00,25.59105335714285,25.627179785714283,0.0397878830714285,18,0,153,1168.04999999
2020-06-01 18:15:00,25.387085133333333,24.88775633333333,0.0204065283666666,18,15,153,571.44285716
2020-06-01 18:30:00,25.1545614,23.882541866666667,0.0029981865438,18,30,153,48.0875
2020-06-01 18:45:00,24.999057866666668,23.405692466666665,0.0,18,45,153,0.0
2020-06-01 19:00:00,24.846169133333333,23.101715066666667,0.0,19,0,153,0.0
2020-06-01 19:15:00,24.608805333333333,22.68060506666667,0.0,19,15,153,0.0
2020-06-01 19:30:00,24.410335333333336,22.3832622,0.0,19,30,153,0.0
2020-06-01 19:45:00,24.1902162,22.21749673333333,0.0,19,45,153,0.0
2020-06-01 20:00:00,23.947261533333336,21.9522502,0.0,20,0,153,0.0
2020-06-01 20:15:00,23.938940785714287,21.795329428571428,0.0,20,15,153,0.0
2020-06-01 20:30:00,23.8475444,21.392598400000004,0.0,20,30,153,0.0
2020-06-01 20:45:00,23.6931112,21.093284000000004,0.0,20,45,153,0.0
2020-06-01 21:00:00,23.645367466666663,21.15811773333333,0.0,21,0,153,0.0
2020-06-01 21:15:00,23.468129466666667,20.998059,0.0,21,15,153,0.0
2020-06-01 21:30:00,23.392171266666665,21.06486206666667,0.0,21,30,153,0.0
2020-06-01 21:45:00,23.3535358,20.933164466666664,0.0,21,45,153,0.0
2020-06-01 22:00:00,23.199686666666665,20.57610073333333,0.0,22,0,153,0.0
2020-06-01 22:15:00,23.0557068,20.388511133333328,0.0,22,15,153,0.0
2020-06-01 22:30:00,22.929178933333333,20.3185078,0.0,22,30,153,0.0
2020-06-01 22:45:00,22.69777992857143,20.19735485714285,0.0,22,45,153,0.0
2020-06-01 23:00:00,22.48435466666667,20.19821986666667,0.0,23,0,153,0.0
2020-06-01 23:15:00,22.33361413333333,20.1576844,0.0,23,15,153,0.0
2020-06-01 23:30:00,22.1236104,20.050547466666668,0.0,23,30,153,0.0
2020-06-01 23:45:00,22.122522,20.021327733333333,0.0,23,45,153,0.0
2020-06-02 00:00:00,22.54657193333333,20.3145366,0.0,0,0,154,0.0
2020-06-02 00:15:00,22.67315273333333,20.379530866666663,0.0,0,15,154,0.0
2020-06-02 00:30:00,22.564072666666664,20.113968933333336,0.0,0,30,154,0.0
2020-06-02 00:45:00,22.329016133333333,20.000305133333327,0.0,0,45,154,0.0
2020-06-02 01:00:00,22.119201642857146,20.14195692857143,0.0,1,0,154,0.0
2020-06-02 01:15:00,21.952612266666662,20.08414726666667,0.0,1,15,154,0.0
2020-06-02 01:30:00,21.824880066666665,19.989398066666663,0.0,1,30,154,0.0
2020-06-02 01:45:00,21.7592834,19.943420266666667,0.0,1,45,154,0.0
2020-06-02 02:00:00,21.683178800000004,19.743534333333333,0.0,2,0,154,0.0
2020-06-02 02:15:00,21.65743613333333,19.616025800000003,0.0,2,15,154,0.0
2020-06-02 02:30:00,21.54586786666667,19.50660173333333,0.0,2,30,154,0.0
2020-06-02 02:45:00,21.469700066666668,19.74697253333333,0.0,2,45,154,0.0
2020-06-02 03:00:00,21.4014854,19.5980612,0.0,3,0,154,0.0
2020-06-02 03:15:00,21.200297,19.403820666666665,0.0,3,15,154,0.0
2020-06-02 03:30:00,21.25917921428572,19.736718428571425,0.0,3,30,154,0.0
2020-06-02 03:45:00,21.363769533333336,19.8283386,0.0,3,45,154,0.0
2020-06-02 04:00:00,21.408616066666664,19.79703366666667,0.0,4,0,154,0.0
2020-06-02 04:15:00,21.423315266666663,19.733837800000003,0.0,4,15,154,0.0
2020-06-02 04:30:00,21.5165366,20.011324,0.0,4,30,154,0.0
2020-06-02 04:45:00,21.640098066666663,20.305562266666666,0.0,4,45,154,0.0
2020-06-02 05:00:00,21.7093078,20.37031453333333,0.0,5,0,154,0.0
2020-06-02 05:15:00,21.725348,20.16880693333333,0.0,5,15,154,0.0
2020-06-02 05:30:00,21.639232142857143,20.188685785714288,0.0,5,30,154,0.0
2020-06-02 05:45:00,21.658839866666664,19.984273200000004,7.79209073e-05,5,45,154,0.0
2020-06-02 06:00:00,21.586885533333334,20.010978066666667,0.0079012560333333,6,0,154,163.996428574
2020-06-02 06:15:00,21.792812133333328,21.38340246666667,0.0291271211333333,6,15,154,853.83928573
2020-06-02 06:30:00,22.081197066666665,22.1293234,0.0350118484,6,30,154,1030.2
2020-06-02 06:45:00,22.335227666666665,22.75865906666667,0.0563297377333333,6,45,154,1725.19821428
2020-06-02 07:00:00,22.607889933333336,23.6078104,0.117114942,7,0,154,3624.7660714
2020-06-02 07:15:00,23.02395633333333,24.594645266666667,0.1162776123333333,7,15,154,3749.8696428
2020-06-02 07:30:00,23.249164,25.248394733333328,0.141257299,7,30,154,4520.2160716
2020-06-02 07:45:00,23.54752671428572,27.40564621428572,0.1599368057142857,7,45,154,5085.3821428
2020-06-02 08:00:00,24.027254133333333,30.348887333333334,0.278052918,8,0,154,9063.2571429
2020-06-02 08:15:00,24.937853933333333,40.45452453333333,0.6295824313333332,8,15,154,17763.5089285
2020-06-02 08:30:00,25.4514526,47.501263533333336,0.6403686593333334,8,30,154,17696.9642858
2020-06-02 08:45:00,26.107157266666665,45.982417866666665,0.546798932,8,45,154,15895.6160714
2020-06-02 09:00:00,26.1504356,43.0666302,0.4845541833333333,9,0,154,14206.2714284
2020-06-02 09:15:00,26.43365886666667,45.66096399999999,0.6400822713333334,9,15,154,19243.5214285
2020-06-02 09:30:00,26.793420266666665,47.4213378,0.717151316,9,30,154,20480.7928576
2020-06-02 09:45:00,27.397644133333333,51.1395304,0.7472785953333334,9,45,154,21274.7357142
2020-06-02 10:00:00,27.539448499999995,50.47200221428572,0.7029814421428571,10,0,154,20333.4946429
2020-06-02 10:15:00,27.562856066666672,46.39747086666667,0.5029802726666666,10,15,154,15189.1553572
2020-06-02 10:30:00,27.00929553333333,40.641495866666666,0.4806645453333333,10,30,154,14991.1428571
2020-06-02 10:45:00,27.363865266666664,43.500976533333336,0.6438703946666667,10,45,154,19899.0964285
2020-06-02 11:00:00,27.677307066666668,46.2067344,0.67195934,11,0,154,19943.4178571
2020-06-02 11:15:00,27.63629753333333,44.50241260000001,0.483302472,11,15,154,14941.9410716
2020-06-02 11:30:00,27.51463213333333,40.48357553333333,0.4341641846666666,11,30,154,13746.0892856
2020-06-02 11:45:00,27.42642006666667,39.88621046666666,0.416091588,11,45,154,13280.0428572
2020-06-02 12:00:00,27.46658328571429,40.11592957142858,0.5638615457142857,12,0,154,17731.1142858
2020-06-02 12:15:00,28.011470400000004,45.227401,0.6928162013333334,12,15,154,20651.7571426
2020-06-02 12:30:00,27.61693933333333,44.15874253333334,0.6629108933333333,12,30,154,19319.0196428
2020-06-02 12:45:00,27.777927533333337,47.3377034,0.7908823293333332,12,45,154,23453.337498
2020-06-02 13:00:00,27.964561,48.2827824,0.8852643266666665,13,0,154,26622.589286
2020-06-02 13:15:00,27.962351466666668,49.06862826666667,0.8743407746666668,13,15,154,25811.291071
2020-06-02 13:30:00,27.636714733333328,45.63386426666667,0.7079364073333333,13,30,154,21793.3910717
2020-06-02 13:45:00,27.7742168,49.33662146666668,0.9342755213333332,13,45,154,27303.510716
2020-06-02 14:00:00,27.262479733333336,43.4918152,0.4637642506666667,14,0,154,14480.6499999
2020-06-02 14:15:00,26.947897642857143,39.81178307142858,0.5004139214285713,14,15,154,15683.8446428
2020-06-02 14:30:00,26.913202066666663,39.42475606666666,0.642086792,14,30,154,19186.4607144
2020-06-02 14:45:00,27.6148946,45.10698460000001,0.6382544986666667,14,45,154,19195.7321428
2020-06-02 15:00:00,27.04379893333333,40.5363764,0.4526467746666667,15,0,154,14315.9285715
2020-06-02 15:15:00,26.5449136,36.56665873333333,0.3633331566666667,15,15,154,11630.4196428
2020-06-02 15:30:00,26.279598133333334,36.349589,0.4026979686666666,15,30,154,12866.8303571
2020-06-02 15:45:00,26.519590333333333,37.54320873333334,0.4304919446666666,15,45,154,14041.7089285
2020-06-02 16:00:00,26.6184204,38.264609666666665,0.4788621826666666,16,0,154,14791.2517857
2020-06-02 16:15:00,26.8432725,37.85230385714286,0.331931245,16,15,154,10719.4892857
2020-06-02 16:30:00,26.13088566666667,34.19353846666667,0.3038333933333333,16,30,154,9828.367857
2020-06-02 16:45:00,25.7980978,31.919557666666662,0.21379486,16,45,154,6713.3660715000005
2020-06-02 17:00:00,25.5590068,29.73031406666666,0.1890867986666666,17,0,154,6018.7464287
2020-06-02 17:15:00,25.315805933333333,28.12346393333333,0.1091103762666666,17,15,154,3316.7607143
2020-06-02 17:30:00,25.183624333333327,26.1870504,0.0669730784,17,30,154,1990.35
2020-06-02 17:45:00,25.066615933333328,25.4084758,0.0453966223333333,17,45,154,1281.05357144
2020-06-02 18:00:00,24.707338533333328,24.479459666666667,0.0277481900666666,18,0,154,729.57797619
2020-06-02 19:00:00,24.41660966666667,22.7959472,0.0,19,0,154,0.0
2020-06-02 19:15:00,24.300563533333328,22.399615600000004,0.0,19,15,154,0.0
2020-06-02 19:30:00,24.10461833333333,21.834912200000005,0.0,19,30,154,0.0
2020-06-02 19:45:00,24.030802466666668,21.673779266666664,0.0,19,45,154,0.0
2020-06-02 20:00:00,23.870035866666665,21.517218066666665,0.0,20,0,154,0.0
2020-06-02 20:15:00,23.69544473333333,21.070044,0.0,20,15,154,0.0
2020-06-02 20:30:00,23.532930466666656,20.721944066666666,0.0,20,30,154,0.0
2020-06-02 20:45:00,23.400419,20.67472835714285,0.0,20,45,154,0.0
2020-06-02 21:00:00,23.181156533333333,20.4064982,0.0,21,0,154,0.0
2020-06-02 21:15:00,23.0872802,20.397253666666668,0.0,21,15,154,0.0
2020-06-02 21:30:00,23.0178122,20.391391933333328,0.0,21,30,154,0.0
2020-06-02 21:45:00,23.030607066666665,20.322650133333333,0.0,21,45,154,0.0
2020-06-02 22:00:00,23.1034912,20.658549266666665,0.0,22,0,154,0.0
2020-06-02 22:15:00,23.0956054,20.8178508,0.0,22,15,154,0.0
2020-06-02 22:30:00,23.077539066666667,21.05610346666667,0.0,22,30,154,0.0
2020-06-02 22:45:00,23.097322666666663,21.322857666666668,0.0,22,45,154,0.0
2020-06-02 23:00:00,23.029817857142856,21.02276614285714,0.0,23,0,154,0.0
2020-06-02 23:15:00,23.154599933333333,21.314619866666668,0.0,23,15,154,0.0
2020-06-02 23:30:00,23.1262676,21.27200126666667,0.0,23,30,154,0.0
2020-06-02 23:45:00,23.185095266666664,21.173158933333333,0.0,23,45,154,0.0
2020-06-03 00:00:00,23.1571288,20.89146513333333,0.0,0,0,155,0.0
2020-06-03 00:15:00,22.974324466666666,20.576291866666665,0.0,0,15,155,0.0
2020-06-03 00:30:00,22.67297173333333,20.458264266666664,0.0,0,30,155,0.0
2020-06-03 00:45:00,22.598681599999995,20.54110713333333,0.0,0,45,155,0.0
2020-06-03 01:00:00,22.704483933333336,21.236881666666665,0.0,1,0,155,0.0
2020-06-03 01:15:00,22.80064392857143,21.723000642857144,0.0,1,15,155,0.0
2020-06-03 01:30:00,22.88334766666667,21.585738133333333,0.0,1,30,155,0.0
2020-06-03 01:45:00,22.937446866666665,21.3681458,0.0,1,45,155,0.0
2020-06-03 02:00:00,22.842895466666665,21.206132000000004,0.0,2,0,155,0.0
2020-06-03 02:15:00,22.660235666666665,20.99209193333333,0.0,2,15,155,0.0
2020-06-03 02:30:00,22.50123506666667,21.111612933333337,0.0,2,30,155,0.0
2020-06-03 02:45:00,22.459503133333328,21.399143466666665,0.0,2,45,155,0.0
2020-06-03 03:00:00,22.44995926666667,21.3038554,0.0,3,0,155,0.0
2020-06-03 03:15:00,22.509222928571425,20.78928271428571,0.0,3,15,155,0.0
2020-06-03 03:30:00,22.4485492,20.51603193333333,0.0,3,30,155,0.0
2020-06-03 03:45:00,22.349910333333334,20.45167633333333,0.0,3,45,155,0.0
2020-06-03 04:00:00,22.364552866666667,20.554268266666668,0.0,4,0,155,0.0
2020-06-03 04:15:00,22.34726146666667,20.68842773333333,0.0,4,15,155,0.0
2020-06-03 04:30:00,22.3204386,20.8757264,0.0,4,30,155,0.0
2020-06-03 04:45:00,22.3295206,21.20482786666667,0.0,4,45,155,0.0
2020-06-03 05:00:00,22.29955246666667,21.041841466666664,0.0,5,0,155,0.0
2020-06-03 05:15:00,22.230548066666667,21.1730612,0.0,5,15,155,0.0
2020-06-03 05:30:00,22.029776500000004,21.009530285714284,0.0,5,30,155,0.0
2020-06-03 05:45:00,21.9093404,20.571130533333328,0.000166865986,5,45,155,0.0
2020-06-03 06:00:00,21.8664428,20.341811066666665,0.0066135848333333,6,0,155,122.067857143
2020-06-03 06:15:00,21.8627444,20.6966776,0.0238564609333333,6,15,155,713.25357144
2020-06-03 06:30:00,21.970450733333333,21.57549253333333,0.0422210322666666,6,30,155,1289.94821429
2020-06-03 06:45:00,22.115535533333336,22.72741286666667,0.0625831249333333,6,45,155,1940.85357142
2020-06-03 07:00:00,22.39704986666667,24.1448362,0.099085612,7,0,155,3079.2482143
2020-06-03 07:15:00,22.7777608,26.293044066666663,0.1566565473333333,7,15,155,4776.7857143
2020-06-03 07:30:00,23.2902242,28.91189793333333,0.196718574,7,30,155,6019.3732144
2020-06-03 07:45:00,23.853275466666663,30.580068,0.2355113593333333,7,45,155,7151.7071429
2020-06-03 08:00:00,24.27014585714286,31.983365928571427,0.3050666364285714,8,0,155,9289.5000001
2020-06-03 08:15:00,24.698665266666666,34.0502216,0.3131774186666666,8,15,155,9695.282143
2020-06-03 08:30:00,25.202730200000005,34.808233666666666,0.3114204379999999,8,30,155,9759.3125
2020-06-03 08:45:00,25.524094533333333,34.50640073333333,0.3506713633333333,8,45,155,11029.3107142
2020-06-03 09:00:00,25.790447933333336,36.467413466666656,0.4392469226666666,9,0,155,13583.9678571
2020-06-03 09:15:00,25.9910524,37.30622160000001,0.4313674273333333,9,15,155,13507.9142858
2020-06-03 09:30:00,26.019221933333327,36.83065146666666,0.3919119666666666,9,30,155,12446.7767856
2020-06-03 09:45:00,25.796405,36.3065082,0.4066447513333333,9,45,155,12767.2232143
2020-06-03 10:00:00,25.976375266666665,36.446625,0.401583068,10,0,155,12672.3339286
2020-06-03 10:15:00,26.170804866666664,36.67445066666666,0.4154079433333333,10,15,155,13074.2821427
2020-06-03 10:30:00,26.6612375,39.588428785714285,0.615580315,10,30,155,18979.1160714
2020-06-03 10:45:00,27.452661200000005,45.572745666666655,0.77591557,10,45,155,23196.2196436
2020-06-03 11:00:00,27.96947633333333,47.941911000000005,0.7143712646666666,11,0,155,20952.2249998
2020-06-03 11:15:00,27.98884273333333,46.194077866666674,0.6610665566666664,11,15,155,20107.1267857
2020-06-03 11:30:00,27.941221066666667,45.770940866666656,0.8066293299999999,11,30,155,23121.991071
2020-06-03 11:45:00,28.590588400000005,54.7813884,1.0191046553333334,11,45,155,27944.460717
2020-06-03 12:00:00,28.481665066666665,50.63946126666667,0.663942404,12,0,155,20088.4053571
2020-06-03 12:15:00,28.058274466666663,47.815446,0.7152714659999999,12,15,155,21724.2678579
2020-06-03 12:30:00,28.570162142857143,49.94027492857144,0.8113028464285714,12,30,155,24199.192858
2020-06-03 12:45:00,28.792797866666664,51.43322746666667,0.8961615320000001,12,45,155,26886.401787
2020-06-03 13:00:00,29.06769213333333,51.64617686666667,0.7998929533333332,13,0,155,23576.955356
2020-06-03 13:15:00,28.884842666666664,48.98813886666667,0.711361128,13,15,155,21300.5375008
2020-06-03 13:30:00,28.559281400000003,48.776688333333325,0.7504526286666667,13,30,155,22098.1285707
2020-06-03 13:45:00,27.86218783333333,46.6314395,0.6152726233333333,13,45,155,17974.7666667
2020-06-03 14:15:00,28.36199285714285,50.62704278571428,0.7166804542857143,14,15,155,20992.7964291
2020-06-03 14:30:00,28.309356666666663,47.377396733333335,0.673311722,14,30,155,20113.8607144
2020-06-03 14:45:00,28.27815892857143,45.06816992857143,0.73095554,14,45,155,21493.7196427
2020-06-03 15:00:00,28.8466328,50.68633446666667,0.867350566,15,0,155,25571.585713
2020-06-03 15:15:00,28.85288293333333,50.806604,0.7781302413333333,15,15,155,23589.492858
2020-06-03 15:30:00,28.367865,46.1937744,0.5263113173333333,15,30,155,14937.2482143
2020-06-03 15:45:00,28.200909666666668,40.34545073333332,0.4154654033333333,15,45,155,12151.4892858
2020-06-03 16:00:00,27.406433066666665,36.756546933333325,0.3453362106666667,16,0,155,11093.6196428
2020-06-03 16:15:00,27.123667466666664,35.691247399999995,0.2754312246666665,16,15,155,8308.6767857
2020-06-03 16:30:00,26.773728333333327,32.29846993333332,0.1812308813333333,16,30,155,5555.4696429
2020-06-03 16:45:00,26.6105695,32.19503142857143,0.2930501007142857,16,45,155,9421.2964286
2020-06-03 17:00:00,27.07719326666667,36.6476562,0.3938906479999999,17,0,155,11770.2178571
2020-06-03 17:15:00,26.4934388,33.26473993333333,0.2100267246666666,17,15,155,6053.5928571
2020-06-03 17:30:00,26.160349600000004,29.8308308,0.1741178993333333,17,30,155,4531.9928569
2020-06-03 17:45:00,25.95564166666666,27.818965666666667,0.1089596830666666,17,45,155,2542.3142856
2020-06-03 18:00:00,25.628292,26.26652213333333,0.0555260570666666,18,0,155,1430.30000001
2020-06-03 18:15:00,25.138563999999995,24.528363066666664,0.0276320394666666,18,15,155,773.09821428
2020-06-03 18:30:00,24.8869608,23.35773320000001,0.00798223048,18,30,155,200.994642856
2020-06-03 18:45:00,24.68722533333333,22.586967066666663,8.352672366666667e-05,18,45,155,0.0
2020-06-03 19:00:00,24.47928673333333,21.997491533333328,0.0,19,0,155,0.0
2020-06-03 19:15:00,24.196650928571422,21.709464,0.0,19,15,155,0.0
2020-06-03 19:30:00,23.983721866666667,21.4879578,0.0,19,30,155,0.0
2020-06-03 19:45:00,23.86744786666667,21.385422733333336,0.0,19,45,155,0.0
2020-06-03 20:00:00,23.7355346,21.4588258,0.0,20,0,155,0.0
2020-06-03 20:15:00,23.68221646666667,21.54895426666667,0.0,20,15,155,0.0
2020-06-03 20:30:00,23.664009666666665,21.192350066666663,0.0,20,30,155,0.0
2020-06-03 20:45:00,23.60763366666666,21.040781666666668,0.0,20,45,155,0.0
2020-06-03 21:00:00,23.581404733333333,21.031243933333336,0.0,21,0,155,0.0
2020-06-03 21:15:00,23.54292971428572,21.00041857142857,0.0,21,15,155,0.0
2020-06-03 21:30:00,23.35550553333333,20.846651266666665,0.0,21,30,155,0.0
2020-06-03 21:45:00,23.153045666666667,20.723840333333328,0.0,21,45,155,0.0
2020-06-03 22:00:00,23.12093293333333,20.880371199999995,0.0,22,0,155,0.0
2020-06-03 22:15:00,23.2737874,21.277950066666666,0.0,22,15,155,0.0
2020-06-03 22:30:00,23.410107466666663,21.48009253333333,0.0,22,30,155,0.0
2020-06-03 22:45:00,23.3567708,21.421516933333333,0.0,22,45,155,0.0
2020-06-03 23:00:00,23.29439086666667,21.5673136,0.0,23,0,155,0.0
2020-06-03 23:15:00,23.268082733333333,21.781003666666667,0.0,23,15,155,0.0
2020-06-03 23:30:00,23.3125675,21.87289435714285,0.0,23,30,155,0.0
2020-06-03 23:45:00,23.3070944,22.12236753333333,0.0,23,45,155,0.0
2020-06-04 00:00:00,23.232509466666663,21.74905586666667,0.0,0,0,156,0.0
2020-06-04 00:15:00,23.2305298,22.0874878,0.0,0,15,156,0.0
2020-06-04 00:30:00,23.239691066666666,22.0754842,0.0,0,30,156,0.0
2020-06-04 00:45:00,23.223148533333337,21.49751793333333,0.0,0,45,156,0.0
2020-06-04 01:00:00,23.04567046666667,20.8985536,0.0,1,0,156,0.0
2020-06-04 01:15:00,22.96156013333333,20.781929533333333,0.0,1,15,156,0.0
2020-06-04 01:30:00,22.874760071428568,20.64805378571429,0.0,1,30,156,0.0
2020-06-04 01:45:00,22.878147466666665,21.0011492,0.0,1,45,156,0.0
2020-06-04 02:00:00,22.99037886666667,21.9415954,0.0,2,0,156,0.0
2020-06-04 02:15:00,22.9795756,21.582159600000004,0.0,2,15,156,0.0
2020-06-04 02:30:00,23.002805466666665,21.08051346666667,0.0,2,30,156,0.0
2020-06-04 02:45:00,22.77749013333333,20.272725466666664,0.0,2,45,156,0.0
2020-06-04 03:00:00,22.51006266666667,19.9091552,0.0,3,0,156,0.0
2020-06-04 03:15:00,22.36554566666667,19.8938822,0.0,3,15,156,0.0
2020-06-04 03:30:00,22.11158453333333,19.4302042,0.0,3,30,156,0.0
2020-06-04 03:45:00,21.8316998,19.176412,0.0,3,45,156,0.0
2020-06-04 04:00:00,21.814058571428568,19.201707928571427,0.0,4,0,156,0.0
2020-06-04 04:15:00,21.781632533333337,19.239917066666667,0.0,4,15,156,0.0
2020-06-04 04:30:00,21.7417174,19.2718446,0.0,4,30,156,0.0
2020-06-04 04:45:00,21.9011658,19.596323666666663,0.0,4,45,156,0.0
2020-06-04 05:00:00,22.10740133333333,19.78210866666667,0.0,5,0,156,0.0
2020-06-04 05:15:00,22.293249466666666,20.07742533333333,0.0,5,15,156,0.0
2020-06-04 05:30:00,22.30016693333333,20.21210933333333,0.0,5,30,156,0.0
2020-06-04 05:45:00,22.331740266666667,20.44576413333333,0.000426552467,5,45,156,0.0
2020-06-04 06:00:00,22.37077833333333,20.5307474,0.00815802132,6,0,156,145.544642857
2020-06-04 06:15:00,22.37073828571429,20.5436425,0.027412691,6,15,156,814.48035716
2020-06-04 06:30:00,22.413663666666665,20.99587586666667,0.0525060624,6,30,156,1574.94285714
2020-06-04 06:45:00,22.569683933333334,21.829941666666667,0.0880664663333333,6,45,156,2580.6410714
2020-06-04 07:00:00,22.91924653333333,22.999210466666668,0.1541802237333333,7,0,156,4004.1803572
2020-06-04 07:15:00,23.307012799999995,25.084910200000003,0.201037406,7,15,156,5406.0696429
2020-06-04 07:30:00,23.6712912,28.608892933333333,0.2021267246666666,7,30,156,5554.7750001
2020-06-04 07:45:00,24.115726666666664,29.42869673333333,0.2576330546666666,7,45,156,7318.0892856
2020-06-04 08:00:00,24.827956066666665,34.91220333333333,0.3536178413333332,8,0,156,10635.3874999
2020-06-04 08:15:00,25.16537493333333,36.236173666666666,0.3698281293333333,8,15,156,11401.3696427
2020-06-04 08:30:00,25.49385071428572,40.286078142857136,0.50896689,8,30,156,13783.9214286
2020-06-04 08:45:00,25.7016844,38.59687113333333,0.339791978,8,45,156,10429.3982144
2020-06-04 09:00:00,26.23224886666667,41.591343,0.5240877666666666,9,0,156,16533.5017858
2020-06-04 09:15:00,26.67907113333333,42.56844686666666,0.4329602066666666,9,15,156,14149.4196429
2020-06-04 09:30:00,26.958341533333336,42.141090666666656,0.4031702393333333,9,30,156,14367.0321429
2020-06-04 09:45:00,27.355015066666667,42.377244466666674,0.5299622466666666,9,45,156,14467.0732142
2020-06-04 10:00:00,27.51010546666667,45.047931266666666,0.6935108126666668,10,0,156,20814.4410707
2020-06-04 10:15:00,27.60956433333333,43.5676756,0.5722798133333333,10,15,156,17488.635714199998
2020-06-04 10:30:00,27.75967185714285,46.865433142857135,0.740527077142857,10,30,156,20934.758929
2020-06-04 10:45:00,28.609558066666665,53.49905786666666,0.9900746606666666,10,45,156,26206.369643
2020-06-04 11:00:00,28.900441466666667,52.5498042,0.7482029,11,0,156,21265.6392862
2020-06-04 11:15:00,29.128914533333333,53.990102,0.7289688126666665,11,15,156,21137.1750002
2020-06-04 11:30:00,28.9166118,49.0042542,0.6855142546666666,11,30,156,20198.3410713
2020-06-04 11:45:00,28.901027466666665,50.7513082,0.819862228,11,45,156,22858.1857137
2020-06-04 12:00:00,29.428778066666663,54.02926233333333,0.8495404559999999,12,0,156,24877.5821443
2020-06-04 12:15:00,29.520699200000003,53.681734000000006,0.873090314,12,15,156,23609.391073
2020-06-04 12:30:00,29.7818786,52.660978,0.7917845233333333,12,30,156,20087.0196426
2020-06-04 12:45:00,29.397380285714288,47.38953071428571,0.5456316214285714,12,45,156,17502.694642899998
2020-06-04 13:00:00,30.0188802,53.659336200000006,0.9989916353333332,13,0,156,26511.916072
2020-06-04 13:15:00,30.470314466666665,57.810960066666674,1.0396661320000002,13,15,156,26711.939287
2020-06-04 13:30:00,29.7998332,51.68366739999999,0.5834999766666668,13,30,156,17004.8053571
2020-06-04 13:45:00,29.653444333333336,49.9063132,0.8152746660000002,13,45,156,24249.825001
2020-06-04 14:00:00,29.892468333333333,49.5533302,0.638300066,14,0,156,17367.2857143
2020-06-04 14:15:00,29.012854,42.45200799999999,0.5060438120000001,14,15,156,15758.557143
2020-06-04 14:30:00,29.053249066666663,43.63637693333334,0.4784254099999999,14,30,156,15151.3607143
2020-06-04 14:45:00,29.025638800000003,45.191560933333335,0.6831317153333333,14,45,156,21798.5303571
2020-06-04 15:00:00,29.31660471428572,50.0400065,0.828218792857143,15,0,156,24283.514285
2020-06-04 15:15:00,28.8240906,47.455545866666654,0.5762455473333332,15,15,156,17951.3964284
2020-06-04 15:30:00,28.671067200000003,44.87971400000001,0.6145960239999999,15,30,156,18567.2446428
2020-06-04 15:45:00,28.89003293333333,46.50682566666666,0.6258264913333333,15,45,156,17704.2517858
2020-06-04 16:00:00,28.524460866666665,44.30379226666666,0.5470587466666667,16,0,156,16769.1517857
2020-06-04 16:15:00,28.310963866666665,41.930027,0.4802661793333333,16,15,156,14530.0446428
2020-06-04 16:30:00,28.2263,39.781593666666666,0.423149908,16,30,156,12752.0071428
2020-06-04 16:45:00,27.911383066666662,36.725531333333336,0.2771371,16,45,156,8280.9571429
2020-06-04 17:00:00,27.408913857142856,33.94200785714286,0.2966284521428571,17,0,156,8741.7482143
2020-06-04 17:15:00,27.39092606666667,34.17826959999999,0.286518426,17,15,156,8259.8446429
2020-06-04 17:30:00,27.4676554,33.31872753333333,0.2333632346666666,17,30,156,6572.8910715
2020-06-04 17:45:00,27.015501000000004,30.925701933333333,0.1478736336,17,45,156,4078.2071429
2020-06-04 18:00:00,26.4737508,28.1798118,0.0703570209333333,18,0,156,1860.20714286
2020-06-04 18:15:00,25.879600133333334,25.6452434,0.0225988850666666,18,15,156,623.68035716
2020-06-04 18:30:00,25.49142246666667,23.901588933333336,0.0048826057146666,18,30,156,99.761904761
2020-06-04 20:00:00,24.203576466666668,21.570215,0.0,20,0,156,0.0
2020-06-04 20:15:00,24.101764000000003,21.23585813333333,0.0,20,15,156,0.0
2020-06-04 20:30:00,23.965206,21.24692586666667,0.0,20,30,156,0.0
2020-06-04 20:45:00,23.83537586666668,21.202567533333333,0.0,20,45,156,0.0
2020-06-04 21:00:00,23.622412133333327,20.969897533333327,0.0,21,0,156,0.0
2020-06-04 21:15:00,23.4776306,20.89159753333333,0.0,21,15,156,0.0
2020-06-04 21:30:00,23.413728857142857,20.771161785714288,0.0,21,30,156,0.0
2020-06-04 21:45:00,23.33440973333333,20.6240682,0.0,21,45,156,0.0
2020-06-04 22:00:00,23.249265666666663,20.51773266666667,0.0,22,0,156,0.0
2020-06-04 22:15:00,23.155983466666665,20.41728313333333,0.0,22,15,156,0.0
2020-06-04 22:30:00,23.038757333333333,20.23143106666667,0.0,22,30,156,0.0
2020-06-04 22:45:00,22.871164866666668,19.952642666666662,0.0,22,45,156,0.0
2020-06-04 23:00:00,22.668090866666663,19.605348533333327,0.0,23,0,156,0.0
2020-06-04 23:15:00,22.45358486666667,19.460750333333333,0.0,23,15,156,0.0
2020-06-04 23:30:00,22.22497335714285,19.48148457142857,0.0,23,30,156,0.0
2020-06-04 23:45:00,22.242348199999995,19.674829133333336,0.0,23,45,156,0.0
2020-06-05 00:00:00,22.369673533333334,19.865987266666668,0.0,0,0,157,0.0
2020-06-05 00:15:00,22.405242866666665,19.973746666666667,0.0,0,15,157,0.0
2020-06-05 00:30:00,22.451550266666665,20.014420466666664,0.0,0,30,157,0.0
2020-06-05 00:45:00,22.355903933333337,19.858323266666662,0.0,0,45,157,0.0
2020-06-05 01:00:00,22.390741066666664,19.870471266666662,0.0,1,0,157,0.0
2020-06-05 01:15:00,22.2637308,19.622493400000003,0.0,1,15,157,0.0
2020-06-05 01:30:00,22.06980021428572,19.27036821428572,0.0,1,30,157,0.0
2020-06-05 01:45:00,21.93583573333333,19.1575074,0.0,1,45,157,0.0
2020-06-05 02:00:00,22.032619133333327,19.467915866666672,0.0,2,0,157,0.0
2020-06-05 02:15:00,21.996008466666662,19.4962546,0.0,2,15,157,0.0
2020-06-05 02:30:00,21.915641266666665,19.503106733333333,0.0,2,30,157,0.0
2020-06-05 02:45:00,21.971559666666664,19.6524252,0.0,2,45,157,0.0
2020-06-05 03:00:00,21.960252,19.70383693333333,0.0,3,0,157,0.0
2020-06-05 03:15:00,21.962046333333333,19.6375468,0.0,3,15,157,0.0
2020-06-05 03:30:00,21.864501933333333,19.492871133333328,0.0,3,30,157,0.0
2020-06-05 03:45:00,21.829637785714283,19.66063135714285,0.0,3,45,157,0.0
2020-06-05 04:00:00,21.81910206666667,19.6920982,0.0,4,0,157,0.0
2020-06-05 04:15:00,21.70368653333333,19.42711973333333,0.0,4,15,157,0.0
2020-06-05 04:30:00,21.62841786666667,19.356872600000003,0.0,4,30,157,0.0
2020-06-05 04:45:00,21.594506866666663,19.278796600000003,0.0,4,45,157,0.0
2020-06-05 05:00:00,21.4732484,19.290275066666663,0.0,5,0,157,0.0
2020-06-05 05:15:00,21.5055624,19.3941224,0.0,5,15,157,0.0
2020-06-05 05:30:00,21.6951396,19.82488413333333,0.0,5,30,157,0.0
2020-06-05 05:45:00,21.663992714285715,19.75165221428572,0.0008480133085714,5,45,157,0.0
2020-06-05 06:00:00,21.581693466666664,19.651005,0.0091445350066666,6,0,157,194.141071423
2020-06-05 06:15:00,21.653328466666665,19.7878378,0.0237962576,6,15,157,639.90714285
2020-06-05 06:30:00,21.863590533333333,20.2624066,0.0381347714,6,30,157,1226.90000001
2020-06-05 06:45:00,22.2525206,21.710430866666663,0.0946579585333333,6,45,157,2945.0107144
2020-06-05 07:00:00,22.578601066666668,23.143766266666663,0.1046293030666666,7,0,157,3119.5607143
2020-06-05 07:15:00,22.74705013333333,24.6323364,0.1354008960666666,7,15,157,4123.6089285
2020-06-05 07:30:00,22.947841333333333,26.071952400000004,0.1550759426666666,7,30,157,4618.1517857
2020-06-05 07:45:00,23.115711714285712,26.6308375,0.1674217992857143,7,45,157,5062.8857144
2020-06-05 08:00:00,23.45101913333333,28.194765,0.2060087846666666,8,0,157,6123.9642857
2020-06-05 08:15:00,23.990735,31.34313753333333,0.3701208159999999,8,15,157,11358.0035715
2020-06-05 08:30:00,24.78111993333333,37.137320933333335,0.5538165126666666,8,30,157,14974.9874999
2020-06-05 08:45:00,25.71807246666667,42.10721,0.6010126913333332,8,45,157,15955.0660715
2020-06-05 09:00:00,26.1081848,44.455601,0.4937874026666666,9,0,157,15682.0392858
2020-06-05 09:15:00,26.326908333333336,43.22573646666668,0.661408742,9,15,157,18987.0821428
2020-06-05 09:30:00,27.173240066666672,47.9939452,0.6939978406666665,9,30,157,20997.9249993
2020-06-05 09:45:00,27.300339800000003,45.74378906666668,0.403045044,9,45,157,12437.1160714
2020-06-05 10:00:00,27.44654421428572,46.09474850000001,0.7867404085714285,10,0,157,22814.8785739
2020-06-05 10:15:00,27.920831266666664,48.78672900000001,0.4621650586666667,10,15,157,13963.2571428
2020-06-05 10:30:00,27.469006399999994,45.76378179999999,0.7480077733333332,10,30,157,21842.9339284
2020-06-05 10:45:00,28.038039066666663,54.683736466666666,0.7114153480000001,10,45,157,21670.9267862
2020-06-05 11:00:00,27.55344846666667,47.8497312,0.6841737733333335,11,0,157,20387.4267856
2020-06-05 11:15:00,28.1088298,54.984794066666666,0.9138139586666668,11,15,157,22948.0250001
2020-06-05 11:30:00,28.699442466666667,59.51716313333333,1.0468158086666666,11,30,157,26560.648216
2020-06-05 11:45:00,28.785264266666665,60.75704953333334,0.9516839406666668,11,45,157,24727.8160724
2020-06-05 12:00:00,28.726664714285715,48.51885335714286,0.3794895364285714,12,0,157,10178.8160713
2020-06-05 12:15:00,27.64007353333333,40.50380226666666,0.323248656,12,15,157,10071.8928571
2020-06-05 12:30:00,24.78254793333333,27.2943788,0.2201477426666666,12,30,157,7815.9214286
2020-06-05 12:45:00,23.833673,27.06917933333333,0.3283600913333332,12,45,157,11566.9482142
2020-06-05 13:00:00,24.98657813333333,35.3831992,0.549665794,13,0,157,18117.6553569
2020-06-05 13:15:00,25.75082,43.90548686666667,0.5586564773333333,13,15,157,17395.5839286
2020-06-05 13:30:00,26.45047,45.249314466666654,0.7687173853333333,13,30,157,22080.3642862
2020-06-05 13:45:00,28.032407666666664,55.623793733333336,0.9986998006666664,13,45,157,28086.414284
2020-06-05 14:00:00,29.018203714285715,57.50350071428572,0.88675423,14,0,157,25522.689285
2020-06-05 14:15:00,28.8636616,49.925148466666656,0.4664396726666666,14,15,157,13393.0892857
2020-06-05 14:30:00,29.279667000000003,49.60990173333333,0.8546898013333333,14,30,157,24731.517857
2020-06-05 14:45:00,29.678208266666665,52.84774173333333,0.7957694813333333,14,45,157,23219.1250024
2020-06-05 15:00:00,29.9443218,51.73378113333333,0.6257630746666667,15,0,157,18968.6678573
2020-06-05 15:15:00,29.553806533333333,46.45627853333334,0.495956084,15,15,157,14727.819643
2020-06-05 15:30:00,28.67100406666667,38.05905166666666,0.330956198,15,30,157,9300.3642857
2020-06-05 15:45:00,28.982812333333328,44.096299066666674,0.630338126,15,45,157,18979.2482143
2020-06-05 16:00:00,29.360011642857145,44.37733914285714,0.5304860364285712,16,0,157,15976.5374999
2020-06-05 16:15:00,29.21803193333333,42.5737022,0.4668261126666666,16,15,157,14042.355357
2020-06-05 16:30:00,29.177992733333337,41.37456040000001,0.4489735653333333,16,30,157,13086.2589284
2020-06-05 16:45:00,28.7667054,38.25223593333334,0.341884376,16,45,157,9993.5553571
2020-06-05 17:00:00,28.383642466666668,36.3026832,0.2911635239999999,17,0,157,8857.9875001
2020-06-05 17:15:00,28.329986466666664,35.2929974,0.2869888493333333,17,15,157,8366.2250001
2020-06-05 17:30:00,28.312951533333333,34.75277326666667,0.274644008,17,30,157,7957.3732143
2020-06-05 17:45:00,28.13737193333333,33.33803933333334,0.1736663853333333,17,45,157,4878.0285713
2020-06-05 18:00:00,27.676138642857143,30.6434,0.0959535507857142,18,0,157,2487.19642839
2020-06-05 18:15:00,27.09036053333333,28.24562973333333,0.0424932424666666,18,15,157,1157.17678573
2020-06-05 18:30:00,26.31346433333333,25.84845173333333,0.0086745569666666,18,30,157,253.080952384
2020-06-05 19:45:00,24.567763266666667,21.854593933333334,0.0,19,45,157,0.0
2020-06-05 20:00:00,24.40181171428572,21.609599642857145,0.0,20,0,157,0.0
2020-06-05 20:15:00,24.2519918,21.444433733333334,0.0,20,15,157,0.0
2020-06-05 20:30:00,24.041046266666665,21.321700266666667,0.0,20,30,157,0.0
2020-06-05 20:45:00,23.881455466666665,21.0441874,0.0,20,45,157,0.0
2020-06-05 21:00:00,23.661025,20.71221926666667,0.0,21,0,157,0.0
2020-06-05 21:15:00,23.538511133333333,20.65864653333333,0.0,21,15,157,0.0
2020-06-05 21:30:00,23.4621744,20.5305968,0.0,21,30,157,0.0
2020-06-05 21:45:00,23.38109546666667,20.44203673333333,0.0,21,45,157,0.0
2020-06-05 22:00:00,23.249294066666664,20.27038166666667,0.0,22,0,157,0.0
2020-06-05 22:15:00,23.10435485714285,20.18705107142857,0.0,22,15,157,0.0
2020-06-05 22:30:00,22.92467253333333,20.01558633333333,0.0,22,30,157,0.0
2020-06-05 22:45:00,22.75687046666667,19.76906513333333,0.0,22,45,157,0.0
2020-06-05 23:00:00,22.555259266666667,19.601790333333337,0.0,23,0,157,0.0
2020-06-05 23:15:00,22.5601338,19.6811666,0.0,23,15,157,0.0
2020-06-05 23:30:00,22.5417704,19.7616006,0.0,23,30,157,0.0
2020-06-05 23:45:00,22.524619466666667,19.7942504,0.0,23,45,157,0.0
2020-06-06 00:00:00,22.4748738,19.6556172,0.0,0,0,158,0.0
2020-06-06 00:15:00,22.446710466666666,19.7401856,0.0,0,15,158,0.0
2020-06-06 00:30:00,22.32631013333333,19.624399800000003,0.0,0,30,158,0.0
2020-06-06 00:45:00,22.243926857142856,19.516771785714287,0.0,0,45,158,0.0
2020-06-06 01:00:00,22.207804266666663,19.5121276,0.0,1,0,158,0.0
2020-06-06 01:15:00,22.23102213333333,19.660040066666667,0.0,1,15,158,0.0
2020-06-06 01:30:00,22.152329466666668,19.582956933333328,0.0,1,30,158,0.0
2020-06-06 01:45:00,21.9829162,19.36170873333333,0.0,1,45,158,0.0
2020-06-06 02:00:00,21.92101433333333,19.488366666666664,0.0,2,0,158,0.0
2020-06-06 02:15:00,21.976127066666663,19.5315044,0.0,2,15,158,0.0
2020-06-06 02:30:00,21.894398866666663,19.45133666666668,0.0,2,30,158,0.0
2020-06-06 02:45:00,21.701495466666668,19.232078066666663,0.0,2,45,158,0.0
2020-06-06 03:00:00,21.51942878571429,19.068950142857144,0.0,3,0,158,0.0
2020-06-06 03:15:00,21.438657733333336,19.052948066666666,0.0,3,15,158,0.0
2020-06-06 03:30:00,21.588897933333328,19.275600133333327,0.0,3,30,158,0.0
2020-06-06 03:45:00,21.5690164,19.236916333333333,0.0,3,45,158,0.0
2020-06-06 04:00:00,21.469618733333327,19.0515952,0.0,4,0,158,0.0
2020-06-06 04:15:00,21.32059926666667,18.93925773333333,0.0,4,15,158,0.0
2020-06-06 04:30:00,21.27923166666667,19.024615466666663,0.0,4,30,158,0.0
2020-06-06 04:45:00,21.113210066666667,18.840543666666665,0.0,4,45,158,0.0
2020-06-06 05:00:00,20.971514,18.501708928571425,0.0,5,0,158,0.0
2020-06-06 05:15:00,20.875439533333328,18.285264066666663,0.0,5,15,158,0.0
2020-06-06 05:30:00,20.4631672,18.140415466666663,0.0,5,30,158,0.0
2020-06-06 05:45:00,20.398504866666663,18.24230753333333,0.001050105428,5,45,158,0.0
2020-06-06 06:00:00,20.426454666666668,18.25406093333333,0.0112804514933333,6,0,158,285.94107142
2020-06-06 06:15:00,21.026063933333333,19.1683044,0.0318784349333333,6,15,158,899.54821428
2020-06-06 06:30:00,21.30387786666667,19.903894,0.0505427079333333,6,30,158,1593.26607142
2020-06-06 06:45:00,21.7675536,21.045220800000003,0.1083668231333333,6,45,158,3120.1482143
2020-06-06 07:00:00,22.418231133333336,24.00137146666667,0.241690604,7,0,158,5705.4499999
2020-06-06 07:15:00,23.072224285714285,26.810551285714286,0.291636115,7,15,158,7228.6678571
2020-06-06 07:30:00,23.4391542,29.62755733333333,0.3192179526666666,7,30,158,8281.2750001
2020-06-06 07:45:00,24.040710200000003,33.153322333333335,0.3658943839999999,7,45,158,9840.0767856
2020-06-06 08:00:00,24.8309816,37.33390526666666,0.4089987206666667,8,0,158,11214.4892858
2020-06-06 08:15:00,25.26646733333333,38.90950326666666,0.4213385493333333,8,15,158,11620.667857
2020-06-06 08:30:00,25.8001344,42.2704184,0.5379956300000001,8,30,158,15088.875
2020-06-06 08:45:00,26.29952173333333,42.8193886,0.458073066,8,45,158,13112.1392856
2020-06-06 09:00:00,26.346307466666666,38.737007666666656,0.2645778099999999,9,0,158,8266.8624999
2020-06-06 09:15:00,26.485955866666668,36.686997266666665,0.3741500186666666,9,15,158,11361.5125001
2020-06-06 09:30:00,26.816632928571423,41.40657221428572,0.6841655264285715,9,30,158,19701.6482144
2020-06-06 09:45:00,27.40662013333333,45.656620466666666,0.5831875886666666,9,45,158,14890.9053572
2020-06-06 10:00:00,27.516166266666666,48.38149606666668,0.7896276833333333,10,0,158,22555.9553573
2020-06-06 10:15:00,27.909726666666668,53.5194478,0.660908664,10,15,158,18540.1107147
2020-06-06 10:30:00,27.891768466666665,46.3823122,0.7134718886666666,10,30,158,19755.5982142
2020-06-06 10:45:00,28.858711866666663,49.9206544,0.592244042,10,45,158,18238.1928572
2020-06-06 11:00:00,29.0410462,52.9128622,0.833716566,11,0,158,21711.9767849
2020-06-06 11:15:00,29.5964662,54.43137613333333,0.8457802326666666,11,15,158,24206.9821416
2020-06-06 11:30:00,29.662364357142856,49.18731492857143,0.442447935,11,30,158,16228.2607143
2020-06-06 11:45:00,29.043869866666665,43.17022886666666,0.4059969573333333,11,45,158,11254.1428572
2020-06-06 12:00:00,28.9149232,43.233393066666665,0.6368961286666666,12,0,158,17545.1928571
2020-06-06 12:15:00,29.854372133333328,53.01691526666667,0.6880469099999998,12,15,158,18802.7517856
2020-06-06 12:30:00,29.957515466666667,48.48572366666667,0.7764533440000001,12,30,158,21723.0803576
2020-06-06 12:45:00,30.168788466666665,52.53135606666668,0.7886542966666666,12,45,158,18722.9892857
2020-06-06 13:00:00,30.398728400000003,55.526068,0.9654513833333332,13,0,158,26873.823213
2020-06-06 13:15:00,29.198299066666667,45.0946062,0.3182395246666667,13,15,158,8794.2357142
2020-06-06 13:30:00,26.463971,30.740364866666663,0.5331907740000001,13,30,158,18039.3196429
2020-06-06 13:45:00,28.371896071428573,46.56454507142857,0.76237895,13,45,158,21893.8250023
2020-06-06 14:00:00,28.25725513333333,43.641306466666656,0.456957692,14,0,158,16278.775
2020-06-06 14:15:00,27.5224672,50.04055993333334,0.9430199413333334,14,15,158,25675.475003
2020-06-06 14:30:00,28.193302266666667,48.016939066666666,0.3527128088,14,30,158,9758.7785714
2020-06-06 14:45:00,25.385963933333336,27.446895466666668,0.1509989932,14,45,158,5212.4803572
2020-06-06 15:00:00,25.10567633333333,26.625590066666664,0.254934934,15,0,158,8795.9767857
2020-06-06 15:15:00,25.97744133333333,31.4134398,0.325346652,15,15,158,10706.4089287
2020-06-06 15:30:00,26.587683066666667,34.3489056,0.28833439,15,30,158,9302.2035715
2020-06-06 15:45:00,26.64763521428571,33.14010199999999,0.2204616164285714,15,45,158,7151.175
2020-06-06 16:00:00,26.31139526666667,31.449766266666668,0.1760581826666666,16,0,158,5777.3214287
2020-06-06 16:15:00,26.046683800000004,29.318176333333334,0.1018763052666666,16,15,158,3314.5517857
2020-06-06 16:30:00,25.648555266666666,27.703678333333333,0.0869533126666666,16,30,158,2924.4464286
2020-06-06 16:45:00,25.334818533333337,27.200339666666668,0.0816072844666666,16,45,158,2751.4000001
2020-06-06 17:00:00,24.9111592,26.31437593333333,0.0596414616666666,17,0,158,1982.03392858
2020-06-06 17:15:00,24.6149332,25.334737333333333,0.0415707431333333,17,15,158,1370.6517857
2020-06-06 17:30:00,24.514550666666665,24.669201600000005,0.0294998014666666,17,30,158,962.14285714
2020-06-06 17:45:00,24.373624600000003,24.219653266666665,0.0218913211333333,17,45,158,701.0607143
2020-06-06 18:00:00,24.214307571428574,23.84339257142857,0.0164651889285714,18,0,158,466.09285715
2020-06-06 19:30:00,23.032047533333333,21.725838133333333,0.0,19,30,158,0.0
2020-06-06 19:45:00,22.61733606666667,21.18924546666667,0.0,19,45,158,0.0
2020-06-06 20:00:00,22.435105266666664,20.8517252,0.0,20,0,158,0.0
2020-06-06 20:15:00,22.393408266666665,20.394838466666663,0.0,20,15,158,0.0
2020-06-06 20:30:00,22.334638285714284,20.134107285714283,0.0,20,30,158,0.0
2020-06-06 20:45:00,22.187079066666666,20.1460408,0.0,20,45,158,0.0
2020-06-06 21:00:00,22.1833922,20.334501,0.0,21,0,158,0.0
2020-06-06 21:15:00,22.210577533333336,20.432326266666664,0.0,21,15,158,0.0
2020-06-06 21:30:00,22.211206066666666,20.508386266666665,0.0,21,30,158,0.0
2020-06-06 21:45:00,22.21850393333333,20.4641012,0.0,21,45,158,0.0
2020-06-06 22:00:00,22.19037266666667,20.292954466666668,0.0,22,0,158,0.0
2020-06-06 22:15:00,22.1516112,20.19132286666667,0.0,22,15,158,0.0
2020-06-06 22:30:00,22.1585,20.181113866666664,0.0,22,30,158,0.0
2020-06-06 22:45:00,22.119533266666664,20.250876933333327,0.0,22,45,158,0.0
2020-06-06 23:00:00,22.125963571428567,20.27607721428572,0.0,23,0,158,0.0
2020-06-06 23:15:00,22.194932066666663,20.21912826666667,0.0,23,15,158,0.0
2020-06-06 23:30:00,22.081917266666665,20.148321600000003,0.0,23,30,158,0.0
2020-06-06 23:45:00,22.123830266666666,20.20074466666667,0.0,23,45,158,0.0
2020-06-07 00:00:00,22.05573953333333,20.297180266666665,0.0,0,0,159,0.0
2020-06-07 00:15:00,22.10319206666666,20.39622393333333,0.0,0,15,159,0.0
2020-06-07 00:30:00,22.224560666666665,20.518798866666668,0.0,0,30,159,0.0
2020-06-07 00:45:00,22.30642906666667,20.727630533333336,0.0,0,45,159,0.0
2020-06-07 01:00:00,22.26318146666667,20.769368466666663,0.0,1,0,159,0.0
2020-06-07 01:15:00,22.224988642857145,20.794174357142857,0.0,1,15,159,0.0
2020-06-07 01:30:00,22.250954266666668,20.80826,0.0,1,30,159,0.0
2020-06-07 01:45:00,22.245330666666668,20.7225952,0.0,1,45,159,0.0
2020-06-07 02:00:00,22.1836792,20.5272158,0.0,2,0,159,0.0
2020-06-07 02:15:00,22.071877,20.389953666666667,0.0,2,15,159,0.0
2020-06-07 02:30:00,22.029390266666667,20.386875133333337,0.0,2,30,159,0.0
2020-06-07 02:45:00,21.9825462,20.358048333333333,0.0,2,45,159,0.0
2020-06-07 03:00:00,21.9359068,20.357409733333327,0.0,3,0,159,0.0
2020-06-07 03:15:00,21.953224666666664,20.30524486666668,0.0,3,15,159,0.0
2020-06-07 03:30:00,21.89431971428571,20.10399957142857,0.0,3,30,159,0.0
2020-06-07 03:45:00,21.831136,20.094527266666667,0.0,3,45,159,0.0
2020-06-07 04:00:00,21.918208866666667,20.265173333333333,0.0,4,0,159,0.0
2020-06-07 04:15:00,21.9437256,20.334055600000003,0.0,4,15,159,0.0
2020-06-07 04:30:00,21.946582066666668,20.434261,0.0,4,30,159,0.0
2020-06-07 04:45:00,21.94075313333333,20.4068746,0.0,4,45,159,0.0
2020-06-07 05:00:00,21.97220246666667,20.491691,0.0,5,0,159,0.0
2020-06-07 05:15:00,22.0670024,20.666540466666667,0.0,5,15,159,0.0
2020-06-07 05:30:00,22.19018973333333,20.891292133333334,0.0,5,30,159,0.0
2020-06-07 05:45:00,22.18672828571429,20.98682278571429,0.0002446326267021,5,45,159,0.0
2020-06-07 06:00:00,22.086163266666663,20.94403673333333,0.0071169433199999,6,0,159,128.26607143
2020-06-07 06:15:00,22.0659282,21.123944133333328,0.0289893672,6,15,159,850.41607142
2020-06-07 06:30:00,22.062723666666667,21.586832733333328,0.0563336587333333,6,30,159,1689.54464285
2020-06-07 06:45:00,22.173250333333336,22.970973666666666,0.1072139355999999,6,45,159,3173.9928571
2020-06-07 07:00:00,22.4537842,25.09706033333333,0.1285492849999999,7,0,159,3794.2089285
2020-06-07 07:15:00,22.4785766,25.566410266666665,0.1265910513333333,7,15,159,3985.7321428
2020-06-07 07:30:00,22.61050626666667,26.383687266666666,0.1389610499999999,7,30,159,4443.157143
2020-06-07 07:45:00,22.6054098,27.0571594,0.1693729433333333,7,45,159,5394.3785715
2020-06-07 08:00:00,22.874956357142857,28.931237142857142,0.2271388021428571,8,0,159,7296.4964287
2020-06-07 08:15:00,23.19970913333333,30.617470133333327,0.2377031446666667,8,15,159,7653.5607143
2020-06-07 08:30:00,23.165612733333333,30.43214306666667,0.2436291773333333,8,30,159,7814.6196429
2020-06-07 08:45:00,23.40423586666667,31.958345733333328,0.3413168086666666,8,45,159,10804.35
2020-06-07 09:00:00,23.9829488,38.8167622,0.6309158766666667,9,0,159,19779.9767857
2020-06-07 09:15:00,24.389473466666665,42.34455979999999,0.5920114606666667,9,15,159,18034.4464285
2020-06-07 09:30:00,24.661753399999995,42.03903773333332,0.4748543633333333,9,30,159,14935.6678571
2020-06-07 09:45:00,24.460260066666663,38.327647133333336,0.4301018386666667,9,45,159,13344.1964286
2020-06-07 10:00:00,24.88059273333333,39.5672728,0.4554531606666666,10,0,159,14406.2428571
2020-06-07 10:15:00,25.09010971428572,39.83215985714286,0.537035125,10,15,159,16777.7017857
2020-06-07 10:30:00,25.68664953333333,43.83857633333333,0.6541739533333331,10,30,159,20661.7660714
2020-06-07 10:45:00,26.655895933333333,52.52440386666667,1.0379223366666668,10,45,159,28052.47857
2020-06-07 11:00:00,27.075844133333334,53.64908433333333,0.8485740693333333,11,0,159,24566.551786
2020-06-07 11:15:00,27.4672506,58.268178266666666,1.093312369333333,11,15,159,28999.726786
2020-06-07 11:30:00,27.8593812,57.1712628,0.855925206,11,30,159,24954.532143
2020-06-07 11:45:00,27.78503,53.52336233333334,0.8263966746666666,11,45,159,23855.1428573
2020-06-07 12:00:00,28.042243,56.312655,1.017537535,12,0,159,28154.635715
2020-06-07 12:15:00,28.7483338,59.98777086666667,1.0242290946666668,12,15,159,24809.6964287
2020-06-07 12:30:00,28.884908,59.149143266666655,1.00650392,12,30,159,23015.158929
2020-06-07 12:45:00,29.4468058,57.7418068,0.9985397593333332,12,45,159,21093.375
2020-06-07 13:00:00,30.082822666666665,56.89508453333334,0.9434325606666668,13,0,159,19719.926785
2020-06-07 13:15:00,30.003688533333328,56.585726,0.954714792,13,15,159,19826.3875
2020-06-07 13:30:00,29.89033,55.8342632,0.8324597433333333,13,30,159,17463.3696424
2020-06-07 13:45:00,29.951885866666665,49.84045633333334,0.5917694113333333,13,45,159,12356.475
2020-06-07 14:00:00,29.934474666666667,48.0433046,0.7634629593333334,14,0,159,20480.0107138
2020-06-07 14:15:00,30.526469571428567,52.11067421428572,0.6577993407142857,14,15,159,18339.2642856
2020-06-07 14:30:00,30.276324400000004,46.78619793333333,0.5078556253333332,14,30,159,15115.6446429
2020-06-07 14:45:00,29.847798466666667,42.69290366666666,0.3273317526666667,14,45,159,9739.98035718
2020-06-07 15:00:00,30.049153666666665,45.10961906666667,0.62916335,15,0,159,19677.5392857
2020-06-07 15:15:00,30.311199866666666,45.478786266666674,0.493897726,15,15,159,15057.2267857
2020-06-07 15:30:00,30.26257326666667,45.12008893333333,0.5565673573333334,15,30,159,16922.5000002
2020-06-07 15:45:00,30.42411086666667,46.23066786666667,0.4599821506666666,15,45,159,13696.7892857
2020-06-07 16:00:00,30.24165666666667,42.94891766666666,0.5092201013333332,16,0,159,15749.1857143
2020-06-07 16:15:00,30.361437285714285,42.96282521428572,0.4548798128571428,16,15,159,13158.8375
2020-06-07 16:30:00,29.8172668,39.14588853333333,0.263809032,16,30,159,7465.4392855
2020-06-07 16:45:00,29.1737934,37.11314493333333,0.3538028446666666,16,45,159,10942.3499999
2020-06-07 17:00:00,28.939170133333327,36.249540200000006,0.2442546013333333,17,0,159,7216.2053573
2020-06-07 17:15:00,28.74334113333333,34.1222822,0.2501518,17,15,159,7354.7625001
2020-06-07 17:30:00,28.263501133333328,32.293276,0.1567773945333333,17,30,159,4683.3107144
2020-06-07 17:45:00,27.518345000000004,29.254244,0.0808109167333333,17,45,159,2518.1321428
2020-06-07 18:00:00,26.890378866666666,27.107940666666668,0.0459691700666666,18,0,159,1416.5589285800002
2020-06-07 18:15:00,26.388253500000005,25.75343757142857,0.02162753825,18,15,159,641.175
2020-06-07 18:30:00,25.811604733333333,24.302943866666663,0.0059234326933333,18,30,159,128.403571429
2020-06-07 18:45:00,25.57590346666667,23.5736836,6.189576866666667e-05,18,45,159,0.0
2020-06-07 19:00:00,25.26825146666667,23.117767266666668,0.0,19,0,159,0.0
2020-06-07 19:15:00,24.971708133333333,22.590867266666667,0.0,19,15,159,0.0
2020-06-07 19:30:00,24.6788004,22.31903893333333,0.0,19,30,159,0.0
2020-06-07 19:45:00,24.43683873333333,22.21263826666667,0.0,19,45,159,0.0
2020-06-07 20:00:00,24.214486357142857,22.019662,0.0,20,0,159,0.0
2020-06-07 20:15:00,24.0908446,22.044309533333337,0.0,20,15,159,0.0
2020-06-07 20:30:00,24.030011066666667,22.1147014,0.0,20,30,159,0.0
2020-06-07 20:45:00,23.948044733333337,22.21106766666667,0.0,20,45,159,0.0
2020-06-07 21:00:00,23.908459466666663,22.34423213333333,0.0,21,0,159,0.0
2020-06-07 21:15:00,23.7859924,22.157234666666668,0.0,21,15,159,0.0
2020-06-07 21:30:00,23.628920533333336,22.05108853333333,0.0,21,30,159,0.0
2020-06-07 21:45:00,23.4653096,21.887560933333337,0.0,21,45,159,0.0
2020-06-07 22:00:00,23.3559875,21.672494,0.0,22,0,159,0.0
2020-06-07 22:15:00,23.23333333333333,21.3967896,0.0,22,15,159,0.0
2020-06-07 22:30:00,23.10634146666667,21.14976193333333,0.0,22,30,159,0.0
2020-06-07 22:45:00,23.106390333333334,21.290132733333333,0.0,22,45,159,0.0
2020-06-07 23:00:00,23.136674066666668,21.55108446666667,0.0,23,0,159,0.0
2020-06-07 23:15:00,23.212194733333337,21.89227706666667,0.0,23,15,159,0.0
2020-06-07 23:30:00,23.321769133333333,22.1704956,0.0,23,30,159,0.0
2020-06-07 23:45:00,23.338594466666667,22.251352866666664,0.0,23,45,159,0.0
2020-06-08 00:00:00,23.31643,22.21773421428572,0.0,0,0,160,0.0
2020-06-08 00:15:00,23.257477,22.07641986666667,0.0,0,15,160,0.0
2020-06-08 00:30:00,23.05741173333333,21.816440933333336,0.0,0,30,160,0.0
2020-06-08 00:45:00,22.822715266666663,21.3458352,0.0,0,45,160,0.0
2020-06-08 01:00:00,22.663851,20.767582200000003,0.0,1,0,160,0.0
2020-06-08 01:15:00,22.5861776,20.7061768,0.0,1,15,160,0.0
2020-06-08 01:30:00,22.593149866666668,21.09493413333333,0.0,1,30,160,0.0
2020-06-08 01:45:00,22.584224142857146,21.25341378571429,0.0,1,45,160,0.0
2020-06-08 02:00:00,22.550337733333336,21.27018826666666,0.0,2,0,160,0.0
2020-06-08 02:15:00,22.486499,21.208319133333337,0.0,2,15,160,0.0
2020-06-08 02:30:00,22.406974266666666,21.0984478,0.0,2,30,160,0.0
2020-06-08 02:45:00,22.321024533333333,21.0637756,0.0,2,45,160,0.0
2020-06-08 03:00:00,22.250909466666663,21.1413372,0.0,3,0,160,0.0
2020-06-08 03:15:00,22.15685633333333,21.056901000000003,0.0,3,15,160,0.0
2020-06-08 03:30:00,22.115911933333336,20.916247533333333,0.0,3,30,160,0.0
2020-06-08 03:45:00,22.099921214285715,20.814019357142858,0.0,3,45,160,0.0
2020-06-08 04:00:00,22.113940533333327,20.84771533333333,0.0,4,0,160,0.0
2020-06-08 04:15:00,22.091783785714288,20.774348642857145,0.0,4,15,160,0.0
2020-06-08 04:30:00,21.984562066666665,20.695650066666666,0.0,4,30,160,0.0
2020-06-08 04:45:00,21.846445666666664,20.4833924,0.0,4,45,160,0.0
2020-06-08 05:00:00,21.70021153333333,20.267336066666665,0.0,5,0,160,0.0
2020-06-08 05:15:00,21.57822073333333,20.21853233333333,0.0,5,15,160,0.0
2020-06-08 05:30:00,21.538749066666668,20.1673342,0.0,5,30,160,0.0
2020-06-08 05:45:00,21.5162558,20.20396513333333,0.0010356957873333,5,45,160,0.0
2020-06-08 06:00:00,21.456706357142856,20.32755842857143,0.0094697153714285,6,0,160,216.208928577
2020-06-08 06:15:00,21.47708533333333,20.763635333333333,0.0306464463999999,6,15,160,958.27857143
2020-06-08 06:30:00,21.680248933333328,21.65212806666667,0.0579955505333333,6,30,160,1800.97321429
2020-06-08 06:45:00,21.8746846,22.385380200000004,0.0781386402,6,45,160,2365.4696428
2020-06-08 07:00:00,22.075207466666665,23.212565,0.1196465384666666,7,0,160,3326.6035715
2020-06-08 07:15:00,22.4391438,25.193231133333327,0.1471483106666666,7,15,160,4162.0178571
2020-06-08 07:30:00,22.7113486,26.3737446,0.18606803,7,30,160,5299.4767859
2020-06-08 07:45:00,23.1475484,30.10846553333333,0.2930392133333333,7,45,160,8431.5464286
2020-06-08 08:00:00,23.706215533333328,33.3340642,0.3029486386666666,8,0,160,8927.3571429
2020-06-08 08:15:00,23.957190357142856,33.04921178571428,0.2416248742857143,8,15,160,7179.9767856
2020-06-08 08:30:00,24.36926893333333,33.90226446666667,0.3876267686666667,8,30,160,11759.5196428
2020-06-08 08:45:00,24.83987853333333,40.04876733333333,0.519743282,8,45,160,15589.5535714
2020-06-08 09:00:00,25.66906733333333,41.449745733333344,0.4867305466666667,9,0,160,14606.6232141
2020-06-08 09:15:00,26.13696276923077,42.4293093076923,0.6613730869230768,9,15,160,20065.7540477
2020-06-08 09:30:00,26.860954846153845,51.02621476923077,0.8462327415384615,9,30,160,24043.5642863
2020-06-08 09:45:00,27.848698214285715,52.77142364285714,0.8597301164285714,9,45,160,24487.776784
2020-06-08 10:00:00,27.8729086,53.675834,0.9226384173333332,10,0,160,26084.226786
2020-06-08 10:15:00,28.32269292857143,53.273069,0.7926809900000001,10,15,160,23182.3839269
2020-06-08 10:30:00,28.07024346666667,50.669427600000006,0.890231224,10,30,160,24659.3267859
2020-06-08 10:45:00,28.479555266666665,50.63910959999999,0.8419270273333334,10,45,160,24601.319642
2020-06-08 11:00:00,28.487312733333336,52.2207926,0.8870374373333332,11,0,160,25516.403571
2020-06-08 11:15:00,28.845757866666663,51.12463166666667,0.8209725893333333,11,15,160,24042.4428576
2020-06-08 11:30:00,28.81794433333333,49.03407186666667,0.7561285946666667,11,30,160,22017.5196428
2020-06-08 11:45:00,28.96788953333333,48.28042806666666,0.7681858726666667,11,45,160,22241.4321416
2020-06-08 12:00:00,28.983550933333333,47.150412800000005,0.7595703319999999,12,0,160,21969.385714
2020-06-08 12:15:00,29.0513102,46.425813733333335,0.6268856413333332,12,15,160,18961.9142856
2020-06-08 12:30:00,29.023849428571427,47.74052392857144,0.8942029785714286,12,30,160,25230.098214
2020-06-08 12:45:00,29.55849613333333,48.52688860000001,0.5889013319999999,12,45,160,16557.0142857
2020-06-08 13:00:00,29.653950933333327,48.487363866666655,0.7446046793333331,13,0,160,20824.255357
2020-06-08 13:15:00,30.076267400000003,53.77259313333333,0.7097949053333333,13,15,160,19091.5392857
2020-06-08 13:30:00,29.864121533333336,48.110203000000006,0.6660282526666667,13,30,160,17375.4946429
2020-06-08 13:45:00,30.200903066666665,51.813018666666665,0.8238694766666665,13,45,160,21441.9821424
2020-06-08 14:00:00,30.39099113333333,53.7158892,0.7729503573333332,14,0,160,21360.464286
2020-06-08 14:15:00,30.42245486666667,51.15997893333333,0.8049972373333332,14,15,160,22539.7589282
2020-06-08 14:30:00,30.9528036,53.510760266666665,0.7918533413333332,14,30,160,23797.646427
2020-06-08 14:45:00,30.929628642857143,52.4254235,0.6676724242857142,14,45,160,20703.3839286
2020-06-08 15:00:00,30.896520866666663,49.9358562,0.7478432246666665,15,0,160,21341.3732137
2020-06-08 15:15:00,31.104663,49.31515293333333,0.7102237526666668,15,15,160,20029.1803571
2020-06-08 15:30:00,30.64887906666667,45.644804066666666,0.4696780846666667,15,30,160,14846.4464284
2020-06-08 15:45:00,30.492716666666663,44.21325053333334,0.4645947773333333,15,45,160,15379.8589286
2020-06-08 16:00:00,30.0527444,42.11031486666668,0.3384765497333333,16,0,160,10329.0589286
2020-06-08 16:15:00,29.425960266666667,36.528108333333336,0.250397254,16,15,160,7271.6053572
2020-06-08 16:30:00,28.0150064,35.23329273333334,0.383318604,16,30,160,11788.4607143
2020-06-08 16:45:00,28.595495666666668,38.5366638,0.388584996,16,45,160,11717.5000001
2020-06-08 17:00:00,28.989379857142858,37.32118635714286,0.2491690678571428,17,0,160,7109.5017858
2020-06-08 17:15:00,28.7508078,33.324613199999995,0.174294533,17,15,160,5007.5910714
2020-06-08 17:30:00,28.5177898,31.437489733333333,0.154667054,17,30,160,4188.1571429
2020-06-08 17:45:00,28.333721866666668,30.3950194,0.1064024638666666,17,45,160,2723.3482142
2020-06-08 18:00:00,27.9018616,28.519918,0.0711483807333333,18,0,160,1728.24285714
2020-06-08 18:15:00,27.304530933333336,26.9788308,0.0355560784666666,18,15,160,953.08392857
2020-06-08 18:30:00,26.836218333333328,25.515785533333336,0.00998024594,18,30,160,255.36249998
2020-06-08 18:45:00,26.470400066666667,24.559830733333328,0.0008603421582,18,45,160,0.0
2020-06-08 19:00:00,25.99734293333333,23.86692093333333,0.0,19,0,160,0.0
2020-06-08 19:15:00,25.64765271428572,23.230061,0.0,19,15,160,0.0
2020-06-08 19:30:00,25.331020066666667,22.70933033333333,0.0,19,30,160,0.0
2020-06-08 19:45:00,25.03207186666667,22.2262248,0.0,19,45,160,0.0
2020-06-08 20:00:00,24.80070386666667,21.85834973333333,0.0,20,0,160,0.0
2020-06-08 20:15:00,24.524369400000005,21.2573832,0.0,20,15,160,0.0
2020-06-08 20:30:00,24.091544666666664,20.82428393333333,0.0,20,30,160,0.0
2020-06-08 20:45:00,23.884928333333328,20.60881153333333,0.0,20,45,160,0.0
2020-06-08 21:00:00,23.78245833333333,20.775785200000005,0.0,21,0,160,0.0
2020-06-08 21:15:00,23.71181633333333,20.849894133333333,0.0,21,15,160,0.0
2020-06-08 21:30:00,23.427514142857145,20.46247421428572,0.0,21,30,160,0.0
2020-06-08 21:45:00,23.135550933333327,20.27771806666667,0.0,21,45,160,0.0
2020-06-08 22:00:00,23.16300233333333,20.393292266666663,0.0,22,0,160,0.0
2020-06-08 22:15:00,23.182796133333337,20.5698486,0.0,22,15,160,0.0
2020-06-08 22:30:00,23.24828273333333,20.992332,0.0,22,30,160,0.0
2020-06-08 22:45:00,23.1708048,21.03197846666667,0.0,22,45,160,0.0
2020-06-08 23:00:00,23.1155682,20.764007666666664,0.0,23,0,160,0.0
2020-06-08 23:15:00,22.929185,20.342742933333334,0.0,23,15,160,0.0
2020-06-08 23:30:00,22.61636746666667,20.058746266666667,0.0,23,30,160,0.0
2020-06-08 23:45:00,22.369203733333336,19.744277,0.0,23,45,160,0.0
2020-06-09 00:00:00,22.394712071428568,19.520928571428573,0.0,0,0,161,0.0
2020-06-09 00:15:00,22.2603392,19.43515213333333,0.0,0,15,161,0.0
2020-06-09 00:30:00,22.07046713333333,19.244576066666664,0.0,0,30,161,0.0
2020-06-09 00:45:00,22.147100866666666,19.34456793333333,0.0,0,45,161,0.0
2020-06-09 01:00:00,22.046030666666667,19.464695133333336,0.0,1,0,161,0.0
2020-06-09 01:15:00,21.911110466666667,19.602132133333328,0.0,1,15,161,0.0
2020-06-09 01:30:00,21.777062866666668,19.580401600000005,0.0,1,30,161,0.0
2020-06-09 01:45:00,21.64939373333333,19.30126753333333,0.0,1,45,161,0.0
2020-06-09 02:00:00,21.49035633333333,18.986755333333328,0.0,2,0,161,0.0
2020-06-09 02:15:00,21.363643,19.02554985714286,0.0,2,15,161,0.0
2020-06-09 02:30:00,21.38877553333333,19.293451,0.0,2,30,161,0.0
2020-06-09 02:45:00,21.4268412,19.4470174,0.0,2,45,161,0.0
2020-06-09 03:00:00,21.33233446666667,19.382389266666667,0.0,3,0,161,0.0
2020-06-09 03:15:00,21.3412516,19.418463133333333,0.0,3,15,161,0.0
2020-06-09 03:30:00,21.33793146666667,19.33086346666667,0.0,3,30,161,0.0
2020-06-09 03:45:00,21.24451273333333,19.1137146,0.0,3,45,161,0.0
2020-06-09 04:00:00,21.1673442,19.38418393333333,0.0,4,0,161,0.0
2020-06-09 04:15:00,21.2718855,19.7034935,0.0,4,15,161,0.0
2020-06-09 04:30:00,21.4086548,19.872054066666667,0.0,4,30,161,0.0
2020-06-09 04:45:00,21.372410133333336,19.7928222,0.0,4,45,161,0.0
2020-06-09 05:00:00,21.358131866666668,19.8575724,0.0,5,0,161,0.0
2020-06-09 05:15:00,21.25706573333333,19.69253353333333,0.0,5,15,161,0.0
2020-06-09 05:30:00,21.154750333333336,19.1813436,0.0,5,30,161,0.0
2020-06-09 05:45:00,21.082100399999995,18.921358066666667,0.0009824882666666,5,45,161,0.0
2020-06-09 06:00:00,21.290627133333327,19.30538333333333,0.0129515775266666,6,0,161,341.32678571
2020-06-09 06:15:00,21.44021593333333,19.8552002,0.0358883196666666,6,15,161,1034.04464286
2020-06-09 06:30:00,21.67111642857143,20.642885571428568,0.0578216434285714,6,30,161,1803.32678572
2020-06-09 06:45:00,22.135064666666665,21.531044466666668,0.0975767968666666,6,45,161,3071.8321431
2020-06-09 07:00:00,22.7244914,23.87672733333333,0.2020374493333333,7,0,161,4811.1017858000005
2020-06-09 07:15:00,23.15576373333333,26.169586200000005,0.2366774426666666,7,15,161,5775.3464284
2020-06-09 07:30:00,23.595208533333327,28.269993133333333,0.2372982906666666,7,30,161,5928.5946428
2020-06-09 07:45:00,23.671679533333336,28.50362966666667,0.1992273946666666,7,45,161,5425.5678571
2020-06-09 08:00:00,24.25037833333333,33.30309460000001,0.4016198786666667,8,0,161,11333.9660715
2020-06-09 08:15:00,25.00489506666667,39.233233733333336,0.4785613493333333,8,15,161,13425.3196428
2020-06-09 08:30:00,25.744004266666664,41.03405133333333,0.5463582793333333,8,30,161,14880.8982143
2020-06-09 08:45:00,26.306878285714287,42.7021635,0.5768498564285715,8,45,161,16420.1428571
2020-06-09 09:00:00,26.633241666666667,45.43911179999999,0.6503182173333333,9,0,161,18551.4249999
2020-06-09 09:15:00,27.3424154,47.41862173333334,0.5939330333333332,9,15,161,17469.632142899998
2020-06-09 09:30:00,27.63543293333333,46.078991866666655,0.693143726,9,30,161,18990.4125003
2020-06-09 09:45:00,28.3880454,49.06960486666667,0.7191839106666666,9,45,161,20716.2232142
2020-06-09 10:00:00,27.494000133333333,40.65558086666666,0.4062958466666666,10,0,161,12221.2446429
2020-06-09 10:15:00,27.778367,44.30236186666666,0.7673879126666666,10,15,161,21183.8553576
2020-06-09 10:30:00,28.7513204,52.048053133333326,0.907252704,10,30,161,26531.776783
2020-06-09 10:45:00,29.42598253333333,55.1536072,0.9500225986666668,10,45,161,25473.548214
2020-06-09 11:00:00,29.910441928571423,55.183059642857145,0.94011294,11,0,161,24809.4107143
2020-06-09 11:15:00,30.3790954,57.830800333333336,0.9227545226666668,11,15,161,25040.3982142
2020-06-09 11:30:00,29.469486666666665,48.266762,0.622338436,11,30,161,18530.7142856
2020-06-09 11:45:00,30.10877073333333,56.5026448,0.917001178,11,45,161,25781.141072
2020-06-09 12:00:00,30.3104532,51.566701466666665,0.6967051026666666,12,0,161,19788.4196428
2020-06-09 12:15:00,30.598740733333337,51.564969866666665,0.6296874326666666,12,15,161,17443.9571429
2020-06-09 12:30:00,30.08868206666667,48.752494133333336,0.7802876913333333,12,30,161,22548.9339275
2020-06-09 12:45:00,30.58775246666667,52.985744666666655,0.7895503819999999,12,45,161,21382.5303564
2020-06-09 13:00:00,30.5386128,54.49439886666666,0.84871055,13,0,161,22625.0178564
2020-06-09 13:15:00,31.37843957142857,59.80717471428572,0.8512261735714286,13,15,161,22611.383928
2020-06-09 13:30:00,31.16986893333333,54.52318526666667,0.6648343986666667,13,30,161,20174.0267855
2020-06-09 13:45:00,31.263549933333337,50.6611794,0.6735253459999999,13,45,161,19421.2625
2020-06-09 14:00:00,31.3439494,48.177488333333336,0.437669044,14,0,161,13130.0053572
2020-06-09 14:15:00,30.51236366666667,42.5576074,0.466744864,14,15,161,14036.007143
2020-06-09 14:30:00,30.8700052,46.78769106666667,0.5976702813333334,14,30,161,18709.3482144
2020-06-09 14:45:00,30.576977533333327,44.940977,0.5432410099999999,14,45,161,16781.4928572
2020-06-09 15:00:00,31.041467333333333,47.85286426666667,0.5735764053333332,15,0,161,17765.2624999
2020-06-09 15:15:00,30.592580066666667,44.846677466666655,0.581595316,15,15,161,17625.392857
2020-06-09 15:30:00,30.38283207142857,44.99036521428571,0.6008947264285714,15,30,161,18156.8035716
2020-06-09 15:45:00,30.2250672,44.1388428,0.5342717266666666,15,45,161,16174.4571431
2020-06-09 16:00:00,30.180094333333333,42.5790158,0.46231383,16,0,161,13807.9303571
2020-06-09 16:15:00,29.8809834,40.778582533333335,0.3971458206666666,16,15,161,12013.1464285
2020-06-09 16:30:00,29.803035600000005,39.41787906666666,0.3661181566666667,16,30,161,11089.4749999
2020-06-09 16:45:00,29.61870526666667,37.96412553333333,0.302090306,16,45,161,9086.7428572
2020-06-09 17:00:00,29.1915486,35.55735073333334,0.2322751866666666,17,0,161,6961.8553572
2020-06-09 17:15:00,28.551151466666663,33.27215386666667,0.194773326,17,15,161,5837.3928572
2020-06-09 17:30:00,28.141567066666667,31.68454,0.1512628246666666,17,30,161,4528.8803571
2020-06-09 17:45:00,27.74433471428572,30.04228421428571,0.1033491631428571,17,45,161,3067.3285713
2020-06-09 18:00:00,27.397143533333328,28.361094066666663,0.0619993643333333,18,0,161,1818.52142857
2020-06-09 18:15:00,27.1000306,26.8339234,0.03094462,18,15,161,903.20892858
2020-06-09 18:30:00,26.634965,25.6072164,0.0084486021133333,18,30,161,197.450000001
2020-06-09 18:45:00,26.056652733333333,24.46637366666667,0.0001658766313333,18,45,161,0.0
2020-06-09 19:00:00,25.74157933333333,23.5481262,0.0,19,0,161,0.0
2020-06-09 19:15:00,25.408785,23.105635666666664,0.0,19,15,161,0.0
2020-06-09 19:30:00,25.168434733333328,22.873846333333336,0.0,19,30,161,0.0
2020-06-09 19:45:00,25.07621266666667,22.72139693333333,0.0,19,45,161,0.0
2020-06-09 20:00:00,24.950962571428573,22.476462357142857,0.0,20,0,161,0.0
2020-06-09 20:15:00,24.670693000000004,22.23764033333333,0.0,20,15,161,0.0
2020-06-09 20:30:00,24.41775913333333,22.03767506666667,0.0,20,30,161,0.0
2020-06-09 20:45:00,24.260123600000004,21.96341146666666,0.0,20,45,161,0.0
2020-06-09 21:00:00,24.0924174,21.810034266666666,0.0,21,0,161,0.0
2020-06-09 21:15:00,23.906719933333328,21.5963338,0.0,21,15,161,0.0
2020-06-09 21:30:00,23.705725066666663,21.280470866666665,0.0,21,30,161,0.0
2020-06-09 21:45:00,23.53315420000001,21.05003653333333,0.0,21,45,161,0.0
2020-06-09 22:00:00,23.41632073333333,20.97011306666667,0.0,22,0,161,0.0
2020-06-09 22:15:00,23.20092335714285,20.7300525,0.0,22,15,161,0.0
2020-06-09 22:30:00,23.082973333333328,20.659122666666665,0.0,22,30,161,0.0
2020-06-09 22:45:00,22.946915466666667,20.55419913333333,0.0,22,45,161,0.0
2020-06-09 23:00:00,22.88319513333333,20.490859,0.0,23,0,161,0.0
2020-06-09 23:15:00,22.89231373333333,20.5713644,0.0,23,15,161,0.0
2020-06-09 23:30:00,22.8668152,20.661737066666667,0.0,23,30,161,0.0
2020-06-09 23:45:00,22.825907333333337,20.686539866666667,0.0,23,45,161,0.0
2020-06-10 00:00:00,22.8427876,20.7872398,0.0,0,0,162,0.0
2020-06-10 00:15:00,22.775156466666665,20.82377526666667,0.0,0,15,162,0.0
2020-06-10 00:30:00,22.709958785714285,20.85670028571428,0.0,0,30,162,0.0
2020-06-10 00:45:00,22.7072754,20.97303453333333,0.0,0,45,162,0.0
2020-06-10 01:00:00,22.628609266666665,20.859824600000003,0.0,1,0,162,0.0
2020-06-10 01:15:00,22.56594833333333,20.73139866666667,0.0,1,15,162,0.0
2020-06-10 01:30:00,22.507914333333336,20.614268066666664,0.0,1,30,162,0.0
2020-06-10 01:45:00,22.3333334,20.51122013333333,0.0,1,45,162,0.0
2020-06-10 02:00:00,22.2797972,20.55592453333333,0.0,2,0,162,0.0
2020-06-10 02:15:00,22.323323733333336,20.62407426666667,0.0,2,15,162,0.0
2020-06-10 02:30:00,22.42767333333333,20.7307984,0.0,2,30,162,0.0
2020-06-10 02:45:00,22.395074,20.697845428571423,0.0,2,45,162,0.0
2020-06-10 03:00:00,22.332193866666668,20.47033066666667,0.0,3,0,162,0.0
2020-06-10 03:15:00,22.251780066666665,20.1620504,0.0,3,15,162,0.0
2020-06-10 03:30:00,22.111023000000003,19.952040666666665,0.0,3,30,162,0.0
2020-06-10 03:45:00,22.039939333333336,19.941762333333333,0.0,3,45,162,0.0
2020-06-10 04:00:00,21.9428224,19.8509522,0.0,4,0,162,0.0
2020-06-10 04:15:00,21.84420573333333,19.80890100000001,0.0,4,15,162,0.0
2020-06-10 04:30:00,21.8886394,19.82512,0.0,4,30,162,0.0
2020-06-10 04:45:00,21.924647928571428,19.85022171428572,0.0,4,45,162,0.0
2020-06-10 05:00:00,21.943217000000004,19.759975333333333,0.0,5,0,162,0.0
2020-06-10 05:15:00,21.934802266666665,19.634918133333333,0.0,5,15,162,0.0
2020-06-10 05:30:00,21.806713866666662,19.316455,0.0,5,30,162,0.0
2020-06-10 05:45:00,21.7722168,19.202215400000007,0.0002504884802,5,45,162,0.0
2020-06-10 06:00:00,21.767089866666662,19.32609053333333,0.0090791752333333,6,0,162,205.332142852
2020-06-10 06:15:00,21.83029386666667,19.779553133333337,0.0315773199333333,6,15,162,914.67857141
2020-06-10 06:30:00,22.186450266666665,20.73989253333333,0.0600698337999999,6,30,162,1853.96250002
2020-06-10 06:45:00,22.50998785714286,22.357663928571423,0.0952975517857143,6,45,162,2861.2946428
2020-06-10 07:00:00,22.87512186666667,23.57799266666667,0.1765047716666666,7,0,162,4347.275
2020-06-10 07:15:00,23.399713266666662,26.031282600000004,0.224655888,7,15,162,5526.9607142
2020-06-10 07:30:00,23.833986466666666,30.019337866666667,0.2815921433333333,7,30,162,7239.0160714
2020-06-10 07:45:00,24.35052086666667,33.07170006666667,0.337822402,7,45,162,8970.7428572
2020-06-10 08:00:00,24.7890238,35.48205766666666,0.2994385973333333,8,0,162,9264.9178571
2020-06-10 08:15:00,25.02677213333333,33.531537,0.2062544126666666,8,15,162,6369.2589286
2020-06-10 08:30:00,25.16503906666667,32.88677139999999,0.2482180333333333,8,30,162,7716.1446429
2020-06-10 08:45:00,25.693823266666666,36.7325926,0.47398864,8,45,162,14139.9607144
2020-06-10 09:00:00,26.275140333333333,41.8781982,0.47842251,9,0,162,14844.8071429
2020-06-10 09:15:00,26.62600271428571,41.63306128571429,0.5869376799999999,9,15,162,16562.0124999
2020-06-10 09:30:00,27.044360466666664,43.41336893333333,0.576820234,9,30,162,17536.225
2020-06-10 09:45:00,27.166434800000005,41.88674519999999,0.4474333473333334,9,45,162,12742.8874999
2020-06-10 10:00:00,26.92045893333333,36.647984066666666,0.3198755806666667,10,0,162,10319.8696428
2020-06-10 10:15:00,27.128527933333327,38.26693913333333,0.480099376,10,15,162,14947.4339285
2020-06-10 10:30:00,27.5968486,42.3875894,0.5104950893333333,10,30,162,14727.2410713
2020-06-10 10:45:00,27.74402266666667,40.183040466666654,0.4285554833333333,10,45,162,12672.3589286
2020-06-10 11:00:00,27.95182086666667,38.8228558,0.320387256,11,0,162,10414.1339286
2020-06-10 11:15:00,27.86605026666667,39.599638000000006,0.601040456,11,15,162,16495.2821428
2020-06-10 11:30:00,28.374143285714283,47.20608521428572,0.683142175,11,30,162,19046.7839281
2020-06-10 11:45:00,28.499033466666667,45.56717713333333,0.6853178500000001,11,45,162,19649.3571432
2020-06-10 12:00:00,29.79234406666667,53.1358704,1.0311831480000002,12,0,162,28424.751787
2020-06-10 12:15:00,30.189037933333328,54.239634266666656,0.869060306,12,15,162,22341.7339284
2020-06-10 12:30:00,30.080072133333328,53.7302392,0.8686483159999999,12,30,162,26125.028572
2020-06-10 12:45:00,30.85634553333333,54.68991706666667,0.8653040006666666,12,45,162,24765.705357
2020-06-10 13:00:00,30.97860513333333,51.86274186666666,0.7052360026666665,13,0,162,20659.5089287
2020-06-10 13:15:00,30.685426933333336,46.79792493333333,0.5753350319999999,13,15,162,16861.7589285
2020-06-10 13:30:00,31.166330933333327,50.69978426666668,0.8527403740000001,13,30,162,24680.351787
2020-06-10 13:45:00,31.30421228571429,51.35374028571429,0.6546923735714285,13,45,162,20263.8839285
2020-06-10 14:00:00,31.09232593333333,46.04329853333333,0.5378590466666667,14,0,162,15522.7428571
2020-06-10 14:15:00,31.361989333333334,48.560525000000005,0.6801754139999999,14,15,162,20031.7375001
2020-06-10 14:30:00,31.511543666666668,48.153831,0.444713674,14,30,162,12736.875
2020-06-10 14:45:00,26.491621866666662,29.685520466666663,0.0639606361333333,14,45,162,2085.5357143
2020-06-10 15:00:00,23.6877706,23.490259000000005,0.1306238946666666,15,0,162,4563.617857
2020-06-10 15:15:00,24.0490642,25.863409466666663,0.2161701353333333,15,15,162,7473.2428571
2020-06-10 15:30:00,25.028104666666668,29.65835566666667,0.2919487846666666,15,30,162,10084.1303573
2020-06-10 15:45:00,25.1799176,32.45616233333334,0.2474112733333333,15,45,162,8242.3874999
2020-06-10 16:00:00,25.529737071428567,33.1866565,0.2724546621428571,16,0,162,8999.0482143
2020-06-10 16:15:00,26.168872133333338,35.321976600000006,0.3537411073333333,16,15,162,11450.5053573
2020-06-10 16:30:00,26.560512333333328,35.3695456,0.2438012486666666,16,30,162,7551.8892856
2020-06-10 16:45:00,26.307415666666667,32.08403093333333,0.1932886153333333,16,45,162,5993.3785714
2020-06-10 17:00:00,26.02376913333333,30.4908548,0.1673700179999999,17,0,162,5248.7321429
2020-06-10 17:15:00,26.0763428,30.701261466666665,0.17003262,17,15,162,5293.1857143
2020-06-10 17:30:00,25.9601472,29.5002533,0.1014331655,17,30,162,3196.125
2020-06-10 17:45:00,25.69048421428572,27.85878635714285,0.0826623008571428,17,45,162,2533.4714283
2020-06-10 18:00:00,25.403283666666667,26.133491933333328,0.0386987639333333,18,0,162,1193.09999999
2020-06-10 18:15:00,25.1838216,24.934887866666667,0.0091324596666666,18,15,162,247.125
2020-06-10 18:30:00,25.0308594,24.326002933333328,0.0013383184030266,18,30,162,0.0
2020-06-10 18:45:00,24.898394866666667,24.0229962,0.0,18,45,162,0.0
2020-06-10 19:00:00,24.796325666666664,23.751652,0.0,19,0,162,0.0
2020-06-10 19:15:00,24.6726442,23.437866333333336,0.0,19,15,162,0.0
2020-06-10 19:30:00,24.4905418,22.90063273333333,0.0,19,30,162,0.0
2020-06-10 19:45:00,24.240319214285712,22.724879500000004,0.0,19,45,162,0.0
2020-06-10 20:00:00,23.8389954,22.53573606666667,0.0,20,0,162,0.0
2020-06-10 20:15:00,23.097306266666667,21.900569666666662,0.0,20,15,162,0.0
2020-06-10 20:30:00,22.638631266666664,21.44738153333333,0.0,20,30,162,0.0
2020-06-10 20:45:00,22.402168866666667,21.304317066666663,0.0,20,45,162,0.0
2020-06-10 21:00:00,22.29684226666667,21.24188433333333,0.0,21,0,162,0.0
2020-06-10 21:15:00,22.301875866666663,21.22502233333333,0.0,21,15,162,0.0
2020-06-10 21:30:00,22.351090466666665,21.098295066666672,0.0,21,30,162,0.0
2020-06-10 21:45:00,22.359759533333328,20.81857506666667,0.0,21,45,162,0.0
2020-06-10 22:00:00,22.1506266,20.516988066666663,0.0,22,0,162,0.0
2020-06-10 22:15:00,22.00165442857143,20.468538571428567,0.0,22,15,162,0.0
2020-06-10 22:30:00,21.997644,20.7359436,0.0,22,30,162,0.0
2020-06-10 22:45:00,22.014015666666666,20.85657953333333,0.0,22,45,162,0.0
2020-06-10 23:00:00,22.087756466666665,20.8401488,0.0,23,0,162,0.0
2020-06-10 23:15:00,22.24785753333333,20.93400873333333,0.0,23,15,162,0.0
2020-06-10 23:30:00,22.4090638,21.169836533333328,0.0,23,30,162,0.0
2020-06-10 23:45:00,22.643738066666664,21.613045333333336,0.0,23,45,162,0.0
2020-06-11 00:00:00,22.739367733333328,21.784452266666666,0.0,0,0,163,0.0
2020-06-11 00:15:00,22.770773785714287,21.83486957142857,0.0,0,15,163,0.0
2020-06-11 00:30:00,22.346177133333327,21.4652264,0.0,0,30,163,0.0
2020-06-11 00:45:00,22.243847666666667,21.32475,0.0,0,45,163,0.0
2020-06-11 01:00:00,22.373763,21.36869693333333,0.0,1,0,163,0.0
2020-06-11 01:15:00,22.274361200000005,21.019885333333328,0.0,1,15,163,0.0
2020-06-11 01:30:00,22.2262044,20.8927876,0.0,1,30,163,0.0
2020-06-11 01:45:00,22.188857066666667,20.82486373333333,0.0,1,45,163,0.0
2020-06-11 02:00:00,22.104992666666668,20.830979533333338,0.0,2,0,163,0.0
2020-06-11 02:15:00,22.014145733333336,20.67282113333334,0.0,2,15,163,0.0
2020-06-11 02:30:00,21.882257133333333,20.452899066666667,0.0,2,30,163,0.0
2020-06-11 02:45:00,21.722754285714284,20.269165,0.0,2,45,163,0.0
2020-06-11 03:00:00,21.6394612,20.0675924,0.0,3,0,163,0.0
2020-06-11 03:15:00,21.511769733333328,19.800008133333336,0.0,3,15,163,0.0
2020-06-11 03:30:00,21.408011866666666,19.59883613333333,0.0,3,30,163,0.0
2020-06-11 03:45:00,21.25261846666667,19.653346666666668,0.0,3,45,163,0.0
2020-06-11 04:00:00,21.17042653333333,19.669116266666663,0.0,4,0,163,0.0
2020-06-11 04:15:00,21.137506066666667,19.666155866666664,0.0,4,15,163,0.0
2020-06-11 04:30:00,21.11148893333333,19.4949688,0.0,4,30,163,0.0
2020-06-11 04:45:00,21.1515158,19.529553,0.0,4,45,163,0.0
2020-06-11 05:00:00,21.679722142857145,19.958999571428567,0.0,5,0,163,0.0
2020-06-11 05:15:00,21.8479166,20.282653666666665,0.0,5,15,163,0.0
2020-06-11 05:30:00,21.764787,20.28937980000001,0.0,5,30,163,0.0
2020-06-11 05:45:00,21.841320666666665,20.434340400000004,0.0,5,45,163,0.0
2020-06-11 06:00:00,21.80440273333333,20.4181316,0.0024945839982,6,0,163,0.0
2020-06-11 06:15:00,21.87074993333333,20.6757548,0.0115848330599999,6,15,163,318.075
2020-06-11 06:30:00,21.9280518,21.149878,0.0245571073333333,6,30,163,773.16071429
2020-06-11 06:45:00,21.8738464,21.782067666666663,0.0349704387333333,6,45,163,1128.39821429
2020-06-11 07:00:00,22.074057499999995,22.67060192857143,0.0519139962857142,7,0,163,1676.67678571
2020-06-11 07:15:00,22.155832933333333,23.475118133333336,0.0771933347333333,7,15,163,2571.3660712
2020-06-11 07:30:00,22.33260493333333,24.388740933333327,0.0940940934,7,30,163,3155.8571428
2020-06-11 07:45:00,22.53172193333333,25.608616266666665,0.1302281486666666,7,45,163,4351.6089286
2020-06-11 08:00:00,22.849924866666672,27.304630533333327,0.1688907413333333,8,0,163,5576.7678571
2020-06-11 08:15:00,23.1288086,28.704862466666665,0.1892255126666666,8,15,163,6234.8428573
2020-06-11 08:30:00,23.5816488,29.4664654,0.1961367113333333,8,30,163,6517.8875
2020-06-11 08:45:00,24.069722533333334,30.364528333333336,0.219947506,8,45,163,7359.1142858
2020-06-11 09:00:00,24.30036257142857,31.44437728571429,0.2430901692857142,9,0,163,8189.85
2020-06-11 09:15:00,24.295941266666667,32.440757133333335,0.2680125333333333,9,15,163,9038.5857145
2020-06-11 09:30:00,24.4268352,33.25334266666667,0.286548186,9,30,163,9610.5607143
2020-06-11 09:45:00,24.623516666666664,34.098657333333335,0.30827921,9,45,163,10287.6714286
2020-06-11 10:00:00,24.80515553333333,34.56906553333334,0.3341347466666667,10,0,163,11091.9714286
2020-06-11 10:15:00,25.031361933333333,35.71532393333333,0.3664925886666666,10,15,163,12068.0660714
2020-06-11 10:30:00,25.47613733333333,36.90983686666667,0.3750224913333333,10,30,163,12320.907143
2020-06-11 10:45:00,25.753749666666668,36.50444326666668,0.388530498,10,45,163,12771.4357142
2020-06-11 11:00:00,26.2963116,38.61497386666667,0.4865309580000001,11,0,163,15504.9285714
2020-06-11 11:15:00,26.492523071428568,40.41920307142857,0.5315657121428571,11,15,163,16784.8607143
2020-06-11 11:30:00,26.57368573333333,40.655814933333325,0.4960136759999999,11,30,163,15787.1125
2020-06-11 11:45:00,26.907450200000007,42.12864373333333,0.5611673299999999,11,45,163,17764.0821428
2020-06-11 12:00:00,27.16000973333333,43.574774533333326,0.6383058133333332,12,0,163,19972.9375002
2020-06-11 12:15:00,27.4697428,43.46879073333333,0.6140467053333332,12,15,163,19207.2392858
2020-06-11 12:30:00,27.567753066666665,42.5188598,0.5518808986666666,12,30,163,17050.2160714
2020-06-11 12:45:00,27.667081733333337,39.6965698,0.384930638,12,45,163,12529.1107142
2020-06-11 13:00:00,27.793925066666667,40.65225413333333,0.4614137253333333,13,0,163,14581.6714284
2020-06-11 13:15:00,27.97164264285714,40.74435871428572,0.5024805850000001,13,15,163,15706.0875
2020-06-11 13:30:00,28.019702266666663,39.3556314,0.3363512746666666,13,30,163,10412.4285715
2020-06-11 13:45:00,27.88819186666667,37.721638866666666,0.4294617333333333,13,45,163,13812.7107143
2020-06-11 14:00:00,28.2268556,39.822216533333325,0.463052552,14,0,163,14541.3357143
2020-06-11 14:15:00,28.652787199999995,42.90342799999999,0.6541221086666666,14,15,163,20225.8785719
2020-06-11 14:30:00,28.91200753333333,46.4054178,0.702585196,14,30,163,22239.7392857
2020-06-11 14:45:00,28.541935266666663,42.981264133333326,0.4346433879999999,14,45,163,13308.830357
2020-06-11 15:00:00,28.41093753333333,41.019122266666656,0.5243561353333333,15,0,163,15944.3071429
2020-06-11 15:15:00,28.499876,40.864774533333325,0.4330104273333333,15,15,163,13594.1071429
2020-06-11 15:30:00,28.5198495,39.834891285714285,0.5047613450000001,15,30,163,15428.0410715
2020-06-11 15:45:00,28.490726733333336,39.98254813333334,0.4242669086666667,15,45,163,13658.9732142
2020-06-11 16:00:00,28.066652533333336,37.5957134,0.3353831253333333,16,0,163,10372.2375
2020-06-11 16:15:00,27.5691588,35.038138866666664,0.3022549713333332,16,15,163,9614.2482143
2020-06-11 16:30:00,27.460978266666665,33.56361520000001,0.2453987326666666,16,30,163,7792.792857
2020-06-11 16:45:00,27.1531046,30.6198468,0.2141466953333333,16,45,163,6811.3982144
2020-06-11 17:00:00,26.86789553333333,27.269881133333328,0.163458322,17,0,163,5158.4232143
2020-06-11 17:15:00,26.575002,28.584523666666666,0.1298209161333333,17,15,163,4068.0857143
2020-06-11 17:30:00,26.33208213333333,27.7955018,0.0971864702,17,30,163,3051.2
2020-06-11 17:45:00,26.070382142857145,26.87296621428572,0.0679638256428571,17,45,163,2105.48571429
2020-06-11 18:00:00,25.856518466666664,25.91061213333333,0.04432217,18,0,163,1345.97500001
2020-06-11 18:15:00,25.545349066666663,24.837803066666662,0.0214776268,18,15,163,633.1517857
2020-06-11 18:30:00,25.260909000000005,23.9481894,0.0059466362266666,18,30,163,124.462499999
2020-06-11 18:45:00,25.032338466666666,23.32562873333333,5.161001586666666e-05,18,45,163,0.0
2020-06-11 19:00:00,24.81229646666667,23.04192926666667,0.0,19,0,163,0.0
2020-06-11 19:15:00,24.601367133333333,22.8550334,0.0,19,15,163,0.0
2020-06-11 19:30:00,24.368300400000003,22.5817038,0.0,19,30,163,0.0
2020-06-11 19:45:00,24.173594857142856,22.5616825,0.0,19,45,163,0.0
2020-06-11 20:00:00,24.0864298,22.66164153333333,0.0,20,0,163,0.0
2020-06-11 20:15:00,24.059523533333333,22.747019333333327,0.0,20,15,163,0.0
2020-06-11 20:30:00,24.018544466666665,22.83385,0.0,20,30,163,0.0
2020-06-11 20:45:00,23.949184266666663,22.594362466666663,0.0,20,45,163,0.0
2020-06-11 21:00:00,23.82512006666667,22.368981933333338,0.0,21,0,163,0.0
2020-06-11 21:15:00,23.73761393333333,22.361889533333333,0.0,21,15,163,0.0
2020-06-11 21:30:00,23.686230533333333,22.271466200000003,0.0,21,30,163,0.0
2020-06-11 21:45:00,23.684969285714285,22.301834000000003,0.0,21,45,163,0.0
2020-06-11 22:00:00,23.6376038,22.34254746666667,0.0,22,0,163,0.0
2020-06-11 22:15:00,23.57180973333333,22.367293333333333,0.0,22,15,163,0.0
2020-06-11 22:30:00,23.48927,22.27728473333333,0.0,22,30,163,0.0
2020-06-11 22:45:00,23.41901453333333,22.2010274,0.0,22,45,163,0.0
2020-06-11 23:00:00,23.328574733333333,21.94969073333333,0.0,23,0,163,0.0
2020-06-11 23:15:00,23.19511326666668,21.619791733333333,0.0,23,15,163,0.0
2020-06-11 23:30:00,23.027634733333333,21.0713054,0.0,23,30,163,0.0
2020-06-11 23:45:00,22.88335085714285,20.635208142857145,0.0,23,45,163,0.0
2020-06-12 00:00:00,22.799922733333336,20.528210533333333,0.0,0,0,164,0.0
2020-06-12 00:15:00,22.69196986666667,20.668831466666663,0.0,0,15,164,0.0
2020-06-12 00:30:00,22.757900000000003,21.138439800000004,0.0,0,30,164,0.0
2020-06-12 00:45:00,22.682067866666667,20.969073466666664,0.0,0,45,164,0.0
2020-06-12 01:00:00,22.602435133333337,20.8421712,0.0,1,0,164,0.0
2020-06-12 01:15:00,22.522731466666663,20.5014038,0.0,1,15,164,0.0
2020-06-12 01:30:00,22.480474866666665,20.49038893333333,0.0,1,30,164,0.0
2020-06-12 01:45:00,22.407838933333327,20.556685333333338,0.0,1,45,164,0.0
2020-06-12 02:00:00,22.360552285714288,20.44197957142857,0.0,2,0,164,0.0
2020-06-12 02:15:00,22.22029006666667,19.791581266666668,0.0,2,15,164,0.0
2020-06-12 02:30:00,22.049361200000003,19.63535353333333,0.0,2,30,164,0.0
2020-06-12 02:45:00,21.818412266666662,19.3708762,0.0,2,45,164,0.0
2020-06-12 03:00:00,21.680625333333328,19.39233373333333,0.0,3,0,164,0.0
2020-06-12 03:15:00,21.79938153333333,20.0586528,0.0,3,15,164,0.0
2020-06-12 03:30:00,22.14472873333333,20.548067333333336,0.0,3,30,164,0.0
2020-06-12 03:45:00,22.11750466666667,21.4555846,0.0,3,45,164,0.0
2020-06-12 04:00:00,21.33571573333333,20.44492186666667,0.0,4,0,164,0.0
2020-06-12 04:15:00,21.16746521428572,19.544621,0.0,4,15,164,0.0
2020-06-12 04:30:00,21.14945466666667,19.437854,0.0,4,30,164,0.0
2020-06-12 04:45:00,21.176210533333336,19.930458466666664,0.0,4,45,164,0.0
2020-06-12 05:00:00,21.17710573333333,20.062982066666663,0.0,5,0,164,0.0
2020-06-12 05:15:00,21.0787292,20.025736533333337,0.0,5,15,164,0.0
2020-06-12 05:30:00,20.894081466666663,19.889562933333337,0.0,5,30,164,0.0
2020-06-12 05:45:00,20.751308333333327,19.813110266666666,0.0001221914806666,5,45,164,0.0
2020-06-12 06:00:00,20.89739573333333,20.124570866666662,0.0033814346733333,6,0,164,0.0
2020-06-12 06:15:00,21.11287226666667,20.467968733333333,0.0133244222,6,15,164,338.50357143
2020-06-12 06:30:00,21.31159314285714,20.909787928571426,0.0257571987857142,6,30,164,775.65714287
2020-06-12 06:45:00,21.4945944,21.6351522,0.0471279440666666,6,45,164,1482.42678572
2020-06-12 07:00:00,21.6540956,22.649001066666667,0.0630958514666666,7,0,164,1992.29642857
2020-06-12 07:15:00,21.774928866666663,23.340763133333333,0.0711178362666666,7,15,164,2271.417857
2020-06-12 07:30:00,21.926344866666668,23.469942133333333,0.0617966885999999,7,30,164,1996.65000001
2020-06-12 07:45:00,22.160595666666666,23.656638733333327,0.084014334,7,45,164,2789.9214286
2020-06-12 08:00:00,22.443727666666664,24.81898393333333,0.1192626860666666,8,0,164,3858.1625
2020-06-12 08:15:00,22.82434493333333,26.831990666666663,0.1853613693333333,8,15,164,6028.525
2020-06-12 08:30:00,23.0203716,26.054441200000003,0.2082250053333333,8,30,164,6826.2142859
2020-06-12 08:45:00,23.184509285714288,27.96154764285714,0.2725619585714286,8,45,164,8834.8910714
2020-06-12 09:00:00,23.590940333333336,31.234486866666668,0.340201678,9,0,164,10736.1910715
2020-06-12 09:15:00,23.993477333333328,34.5792848,0.4067895253333334,9,15,164,12828.2392857
2020-06-12 09:30:00,24.37688393333333,35.00016073333333,0.35931397,9,30,164,11462.6214286
2020-06-12 09:45:00,24.682629266666662,35.93726406666667,0.4422391126666667,9,45,164,13984.3214286
2020-06-12 10:00:00,24.942492866666665,36.7749714,0.3904689026666667,10,0,164,12472.1267859
2020-06-12 10:15:00,25.262884466666662,37.78594966666667,0.50926205,10,15,164,16596.8767859
2020-06-12 10:30:00,25.460363866666665,37.3852784,0.5591777066666666,10,30,164,17620.9053572
2020-06-12 10:45:00,25.431754533333333,38.33857613333334,0.4420255493333332,10,45,164,14403.7178571
2020-06-12 11:00:00,25.35791885714286,35.92258564285714,0.3929380471428571,11,0,164,13093.4642858
2020-06-12 11:15:00,25.700242133333333,36.99481373333333,0.5402542266666664,11,15,164,17893.6839287
2020-06-12 11:30:00,25.79386393333333,40.80645753333332,0.6753042113333334,11,30,164,21376.3910722
2020-06-12 11:45:00,26.294516866666665,43.60148279999999,0.6536209333333333,11,45,164,20064.9160715
2020-06-12 12:00:00,26.7209514,47.15762106666666,0.7228255413333333,12,0,164,21859.641072
2020-06-12 12:15:00,27.061141066666668,45.5239648,0.507273356,12,15,164,15746.2125
2020-06-12 12:30:00,27.073685666666663,42.09396553333334,0.4839689073333333,12,30,164,15259.9000001
2020-06-12 12:45:00,27.122843333333336,40.93966879999999,0.544320384,12,45,164,16907.9089285
2020-06-12 13:00:00,27.410540933333333,42.2459552,0.563254726,13,0,164,17321.0625
2020-06-12 13:15:00,27.47486573333333,42.54781693333334,0.5366972139999999,13,15,164,16860.192857000002
2020-06-12 13:30:00,27.546154666666663,42.22754713333333,0.576459514,13,30,164,17931.0839285
2020-06-12 13:45:00,28.10111792857143,44.812733142857134,0.6685085735714286,13,45,164,20542.9392857
2020-06-12 14:00:00,28.347310466666663,45.494661266666654,0.6257596313333335,14,0,164,18838.4232143
2020-06-12 14:15:00,28.47677,43.1335732,0.5180401986666665,14,15,164,15865.2071429
2020-06-12 14:30:00,28.4605286,40.83483906666668,0.4465655733333333,14,30,164,13766.5625001
2020-06-12 14:45:00,28.428057933333328,39.44832773333333,0.4153775066666666,14,45,164,12847.2589286
2020-06-12 15:00:00,28.2338074,38.32697326666667,0.3964643046666666,15,0,164,12360.4642856
2020-06-12 15:15:00,28.035068666666664,36.771075733333326,0.3378309306666666,15,15,164,10562.7
2020-06-12 15:30:00,27.8538696,36.6129212,0.3998539546666666,15,30,164,12537.6553572
2020-06-12 15:45:00,27.934391200000004,36.66382873333334,0.3118431713333333,15,45,164,9898.8517856
2020-06-12 16:00:00,27.573211642857142,33.399052142857144,0.1978581207142857,16,0,164,6226.8660713
2020-06-12 16:15:00,27.3096638,31.48711953333333,0.1830355166666666,16,15,164,5871.5035714
2020-06-12 16:30:00,27.037646333333328,31.166569066666664,0.186726818,16,30,164,5910.5642858
2020-06-12 16:45:00,26.854547133333337,30.850948,0.1810615513333333,16,45,164,5637.5125
2020-06-12 17:00:00,26.6788758,29.970585,0.1357463066666666,17,0,164,4151.2553573000005
2020-06-12 17:15:00,26.388924133333333,28.81902473333333,0.1273159356666666,17,15,164,3881.2017857
2020-06-12 17:30:00,26.4417156,28.935205133333334,0.1581062406666667,17,30,164,4689.9142858
2020-06-12 17:45:00,26.462915066666664,28.923132466666665,0.1159292518,17,45,164,3356.1285714
2020-06-12 18:00:00,26.235536666666665,27.3688028,0.0596401831333333,18,0,164,1767.2875
2020-06-12 18:15:00,25.90362353333333,26.05394893333333,0.0264554836,18,15,164,791.18035715
2020-06-12 18:30:00,25.55980335714285,24.90223478571428,0.0077439426142857,18,30,164,172.094642856
2020-06-12 18:45:00,25.324770066666662,24.317897533333333,0.000143387096,18,45,164,0.0
2020-06-12 19:00:00,24.899776066666668,23.7660442,0.0,19,0,164,0.0
2020-06-12 19:15:00,24.384317933333328,23.15259813333333,0.0,19,15,164,0.0
2020-06-12 19:30:00,23.99760953333333,22.36348273333333,0.0,19,30,164,0.0
2020-06-12 19:45:00,23.60764766666667,21.81601153333333,0.0,19,45,164,0.0
2020-06-12 20:00:00,23.3088806,21.7585368,0.0,20,0,164,0.0
2020-06-12 20:15:00,23.036924333333328,21.592647466666666,0.0,20,15,164,0.0
2020-06-12 20:30:00,22.773077400000005,21.2763896,0.0,20,30,164,0.0
2020-06-12 20:45:00,22.748559142857147,21.08551028571429,0.0,20,45,164,0.0
2020-06-12 21:00:00,22.71641853333333,21.064766599999995,0.0,21,0,164,0.0
2020-06-12 21:15:00,22.585485866666662,21.05030713333333,0.0,21,15,164,0.0
2020-06-12 21:30:00,22.537847933333328,20.9415284,0.0,21,30,164,0.0
2020-06-12 21:45:00,22.53233033333333,20.917602666666667,0.0,21,45,164,0.0
2020-06-12 22:00:00,22.543857733333333,20.942254666666663,0.0,22,0,164,0.0
2020-06-12 22:15:00,22.565901533333328,20.975079333333333,0.0,22,15,164,0.0
2020-06-12 22:30:00,22.6292034,21.1653016,0.0,22,30,164,0.0
2020-06-12 22:45:00,22.599839266666667,21.0623922,0.0,22,45,164,0.0
2020-06-12 23:00:00,22.504606133333336,20.695809,0.0,23,0,164,0.0
2020-06-12 23:15:00,22.398563857142857,20.52727628571429,0.0,23,15,164,0.0
2020-06-12 23:30:00,22.1450378,19.8951722,0.0,23,30,164,0.0
2020-06-12 23:45:00,21.820540333333334,19.3403564,0.0,23,45,164,0.0
2020-06-13 00:00:00,21.771612666666663,19.357529733333337,0.0,0,0,165,0.0
2020-06-13 00:15:00,21.73004566666667,19.504081266666667,0.0,0,15,165,0.0
2020-06-13 00:30:00,21.68706846666667,19.5628032,0.0,0,30,165,0.0
2020-06-13 00:45:00,21.619232066666665,19.559181866666663,0.0,0,45,165,0.0
2020-06-13 01:00:00,21.62596846666667,19.7870584,0.0,1,0,165,0.0
2020-06-13 01:15:00,21.6098348,19.668430666666666,0.0,1,15,165,0.0
2020-06-13 01:30:00,21.69312946666667,19.528464800000005,0.0,1,30,165,0.0
2020-06-13 01:45:00,21.82476585714286,19.508193785714283,0.0,1,45,165,0.0
2020-06-13 02:00:00,21.8943176,19.922452733333337,0.0,2,0,165,0.0
2020-06-13 02:15:00,21.80948073333333,19.62547406666667,0.0,2,15,165,0.0
2020-06-13 02:30:00,21.824768133333333,19.722699,0.0,2,30,165,0.0
2020-06-13 02:45:00,21.762382066666667,19.78051553333333,0.0,2,45,165,0.0
2020-06-13 03:00:00,21.80184526666667,19.9007874,0.0,3,0,165,0.0
2020-06-13 03:15:00,21.800122066666667,19.8409138,0.0,3,15,165,0.0
2020-06-13 03:30:00,21.771885066666663,19.845127266666665,0.0,3,30,165,0.0
2020-06-13 03:45:00,21.75163373333333,19.8883016,0.0,3,45,165,0.0
2020-06-13 04:00:00,21.695316785714287,19.80174035714285,0.0,4,0,165,0.0
2020-06-13 04:15:00,21.687630066666667,19.7502948,0.0,4,15,165,0.0
2020-06-13 04:30:00,21.6996928,19.72627573333333,0.0,4,30,165,0.0
2020-06-13 04:45:00,21.70644933333333,19.613462266666662,0.0,4,45,165,0.0
2020-06-13 05:00:00,21.69656973333333,19.487091133333333,0.0,5,0,165,0.0
2020-06-13 05:15:00,21.651534,19.3644714,0.0,5,15,165,0.0
2020-06-13 05:30:00,21.506585666666663,19.00236393333333,0.0,5,30,165,0.0
2020-06-13 05:45:00,21.320007266666668,18.526363133333334,0.0001515382176666,5,45,165,0.0
2020-06-13 06:00:00,21.28513,18.49177971428572,0.0083566124785714,6,0,165,198.864285714
2020-06-13 06:15:00,21.227468,18.72892853333333,0.0266036344666666,6,15,165,768.36607143
2020-06-13 06:30:00,21.14960933333333,19.30752746666667,0.0437152266,6,30,165,1268.86428573
2020-06-13 06:45:00,21.4259318,20.3191406,0.0749735576,6,45,165,2311.65178565
2020-06-13 07:00:00,22.15570466666667,22.733018,0.161645104,7,0,165,3861.6642857
2020-06-13 07:15:00,22.832635466666662,26.273624666666667,0.2261299179999999,7,15,165,5687.0892858
2020-06-13 07:30:00,23.55732406666667,29.705493133333327,0.27848515,7,30,165,7275.5857142
2020-06-13 07:45:00,24.221519,32.6289328,0.3412023106666666,7,45,165,9254.0839284
2020-06-13 08:00:00,24.7192118,35.47181186666666,0.4043418426666666,8,0,165,11227.2589285
2020-06-13 08:15:00,25.18008221428571,37.9038915,0.4780336921428571,8,15,165,13497.0303572
2020-06-13 08:30:00,25.640753066666665,39.91504320000001,0.5138973833333333,8,30,165,14846.3482144
2020-06-13 08:45:00,26.137734,41.55750153333333,0.5205082880000002,8,45,165,15990.1053571
2020-06-13 09:00:00,26.32546173333333,43.22846253333333,0.5899908493333333,9,0,165,17054.617857
2020-06-13 09:15:00,26.5877218,43.06868493333333,0.5980412346666665,9,15,165,18049.6357144
2020-06-13 09:30:00,26.939325000000004,44.3578572,0.6172084186666666,9,30,165,17396.0357145
2020-06-13 09:45:00,27.206691533333327,45.463765,0.6706322820000001,9,45,165,18726.4767865
2020-06-13 10:00:00,27.573553600000004,46.448215666666655,0.6152538133333332,10,0,165,19239.6124995
2020-06-13 10:15:00,27.727917533333333,45.92864793333334,0.7577599673333335,10,15,165,22164.6535708
2020-06-13 10:30:00,28.03033873333333,50.452891,0.864056662,10,30,165,24857.7125
2020-06-13 10:45:00,28.62208571428572,50.49866800000001,0.7403816392857143,10,45,165,23407.5696423
2020-06-13 11:00:00,28.6059632,49.59524293333333,0.8167528573333332,11,0,165,23667.8285709
2020-06-13 11:15:00,29.197790533333333,52.5881082,0.9622691533333332,11,15,165,27388.460715
2020-06-13 11:30:00,29.45011986666667,53.953094466666656,0.8554001073333332,11,30,165,26818.498215
2020-06-13 11:45:00,29.6048524,54.930332333333325,1.0166871813333331,11,45,165,27300.3803574
2020-06-13 12:00:00,29.6144756,54.57635513333332,0.9582277686666664,12,0,165,27843.317856
2020-06-13 12:15:00,29.873128133333328,53.62572206666666,0.8893022273333333,12,15,165,23390.0464287
2020-06-13 12:30:00,29.448215866666665,51.5198242,0.8805713933333333,12,30,165,25436.933929
2020-06-13 12:45:00,29.577811800000003,51.7647218,0.9068482053333332,12,45,165,26291.596429
2020-06-13 13:00:00,30.0071574,52.9624858,0.725001628,13,0,165,21083.9535714
2020-06-13 13:15:00,27.568512066666667,40.19833379999999,0.6002171826666667,13,15,165,19115.5964287
2020-06-13 13:30:00,27.409600500000003,43.26149878571428,0.5372325964285714,13,30,165,16697.9928572
2020-06-13 13:45:00,26.354994666666663,39.2412842,0.597535766,13,45,165,18010.3053569
2020-06-13 14:00:00,26.66739493333333,44.267293333333335,0.8979147206666667,14,0,165,26234.928571
2020-06-13 14:15:00,26.824531933333333,48.231018133333336,0.812712094,14,15,165,23956.2767846
2020-06-13 14:30:00,26.771419266666665,46.43292826666667,0.6269522933333334,14,30,165,18872.2107144
2020-06-13 14:45:00,26.828759866666665,46.3600118,0.7655651646666665,14,45,165,22672.3375011
2020-06-13 15:00:00,27.583284533333337,47.94728993333333,0.7337197726666665,15,0,165,22317.8821413
2020-06-13 15:15:00,28.077185133333334,46.80665106666667,0.7478824706666666,15,15,165,21348.4714275
2020-06-13 15:30:00,28.1128438,46.23971173333333,0.5669934953333333,15,30,165,16370.3642857
2020-06-13 15:45:00,27.57890557142857,40.546388785714285,0.4037250264285714,15,45,165,12491.4357144
2020-06-13 16:00:00,27.66269933333333,40.34541599999999,0.4595029573333333,16,0,165,14540.5160715
2020-06-13 16:15:00,27.509313866666663,37.922645866666656,0.2199188633333333,16,15,165,6426.1053571
2020-06-13 16:30:00,26.81922213333333,33.402895400000006,0.2536736326666666,16,30,165,8098.9142857
2020-06-13 16:45:00,26.540883333333333,32.085792999999995,0.1492018317333333,16,45,165,4521.4874998
2020-06-13 17:00:00,26.300193266666668,29.8108662,0.1145979226666666,17,0,165,3533.3553572
2020-06-13 17:15:00,26.03677973333333,29.186376866666667,0.1254085300666666,17,15,165,3818.4089287
2020-06-13 17:30:00,25.933880733333336,28.44586786666666,0.0888713367333333,17,30,165,2660.9964286
2020-06-13 17:45:00,25.574387666666663,27.23193773333333,0.0694941764,17,45,165,2014.16964287
2020-06-13 18:00:00,25.404423357142857,26.38234157142857,0.0459627706428571,18,0,165,1269.97857144
2020-06-13 18:15:00,25.2186848,25.28525993333333,0.0224368066666666,18,15,165,609.97678569
2020-06-13 18:30:00,24.8120402,23.99075733333333,0.0072804718466666,18,30,165,146.700000001
2020-06-13 18:45:00,24.372711266666663,22.6416768,0.0001250367553333,18,45,165,0.0
2020-06-13 19:00:00,24.117745,21.8455302,0.0,19,0,165,0.0
2020-06-13 19:15:00,24.000767066666665,21.948254400000003,0.0,19,15,165,0.0
2020-06-13 19:30:00,23.96617026666668,22.251898266666664,0.0,19,30,165,0.0
2020-06-13 19:45:00,23.870741666666667,22.224393733333336,0.0,19,45,165,0.0
2020-06-13 20:00:00,23.7636984,21.9795776,0.0,20,0,165,0.0
2020-06-13 20:15:00,23.71126457142857,22.21554785714285,0.0,20,15,165,0.0
2020-06-13 20:30:00,23.6953736,22.675797466666666,0.0,20,30,165,0.0
2020-06-13 20:45:00,23.479001866666664,22.0222046,0.0,20,45,165,0.0
2020-06-13 21:00:00,23.2034668,21.3150636,0.0,21,0,165,0.0
2020-06-13 21:15:00,23.0506512,21.006146266666665,0.0,21,15,165,0.0
2020-06-13 21:30:00,22.873112066666668,20.6070172,0.0,21,30,165,0.0
2020-06-13 21:45:00,22.8499696,20.56525273333333,0.0,21,45,165,0.0
2020-06-13 22:00:00,22.700738533333336,20.3067446,0.0,22,0,165,0.0
2020-06-13 22:15:00,22.5735414,20.2055216,0.0,22,15,165,0.0
2020-06-13 22:30:00,22.44969607142857,20.013902785714283,0.0,22,30,165,0.0
2020-06-13 22:45:00,22.26599313333333,19.82663193333333,0.0,22,45,165,0.0
2020-06-13 23:00:00,22.2271688,19.828367333333336,0.0,23,0,165,0.0
2020-06-13 23:15:00,22.3342062,20.330838933333336,0.0,23,15,165,0.0
2020-06-13 23:30:00,22.237394333333327,20.012465333333328,0.0,23,30,165,0.0
2020-06-13 23:45:00,22.205029333333336,20.459212133333327,0.0,23,45,165,0.0
2020-06-14 00:00:00,22.309425866666672,21.2856466,0.0,0,0,166,0.0
2020-06-14 00:15:00,22.28362820000001,20.812499933333328,0.0,0,15,166,0.0
2020-06-14 00:30:00,22.41726073333333,20.8414306,0.0,0,30,166,0.0
2020-06-14 00:45:00,22.447642785714287,20.77917907142857,0.0,0,45,166,0.0
2020-06-14 01:00:00,22.3396992,20.416589466666668,0.0,1,0,166,0.0
2020-06-14 01:15:00,22.3263162,20.45705973333333,0.0,1,15,166,0.0
2020-06-14 01:30:00,22.5932068,21.25759886666667,0.0,1,30,166,0.0
2020-06-14 01:45:00,22.831146266666664,21.715635266666663,0.0,1,45,166,0.0
2020-06-14 02:00:00,22.801694666666663,21.8035766,0.0,2,0,166,0.0
2020-06-14 02:15:00,22.66150713333333,21.765783666666668,0.0,2,15,166,0.0
2020-06-14 02:30:00,22.49683426666666,21.054260400000004,0.0,2,30,166,0.0
2020-06-14 02:45:00,22.413197866666668,20.7593812,0.0,2,45,166,0.0
2020-06-14 03:00:00,22.301548357142856,20.912530071428574,0.0,3,0,166,0.0
2020-06-14 03:15:00,22.193670666666662,20.3701516,0.0,3,15,166,0.0
2020-06-14 03:30:00,22.1761332,20.17767333333333,0.0,3,30,166,0.0
2020-06-14 03:45:00,22.184255066666665,20.324055933333334,0.0,3,45,166,0.0
2020-06-14 04:00:00,22.235868333333336,20.6231182,0.0,4,0,166,0.0
2020-06-14 04:15:00,22.29215506666667,20.591811133333334,0.0,4,15,166,0.0
2020-06-14 04:30:00,22.25429486666667,20.381935666666667,0.0,4,30,166,0.0
2020-06-14 04:45:00,22.1893432,20.356459600000004,0.0,4,45,166,0.0
2020-06-14 05:00:00,22.2997984,20.906852200000003,0.0,5,0,166,0.0
2020-06-14 05:15:00,22.43938771428571,21.318453142857145,0.0,5,15,166,0.0
2020-06-14 05:30:00,22.441363466666665,21.168267866666667,0.0,5,30,166,0.0
2020-06-14 05:45:00,22.522914733333334,21.450738666666663,0.0005078938726666,5,45,166,0.0
2020-06-14 06:00:00,22.556378266666663,21.5976542,0.0071151917066666,6,0,166,102.885714285
2020-06-14 06:15:00,22.56817026666667,21.94776,0.0241719286666666,6,15,166,681.80178571
2020-06-14 06:30:00,22.65616866666667,22.658846066666666,0.0487669142,6,30,166,1415.70357144
2020-06-14 06:45:00,22.915026866666665,23.98563853333333,0.0770268140666666,6,45,166,2310.9482142
2020-06-14 07:00:00,23.208211133333336,25.60406513333333,0.1471822867333333,7,0,166,4238.5339287
2020-06-14 07:15:00,23.6073304,28.074818866666668,0.2255217446666666,7,15,166,6918.0517858
2020-06-14 07:30:00,23.587081,28.0358926,0.2196392886666666,7,30,166,6915.775
2020-06-14 07:45:00,23.75348328571429,30.263634785714284,0.3072239171428571,7,45,166,9274.9964286
2020-06-14 08:00:00,23.90954793333333,31.63181366666667,0.298065064,8,0,166,9131.7571429
2020-06-14 08:15:00,23.763501066666667,28.384606933333338,0.2447378533333333,8,15,166,7727.117857
2020-06-14 08:30:00,23.90183135714286,29.702830928571423,0.3353547692857142,8,30,166,10717.5285713
2020-06-14 08:45:00,24.130067933333336,33.0580506,0.3819702386666666,8,45,166,11674.7464285
2020-06-14 09:00:00,24.52345993333333,35.5528282,0.4278343173333333,9,0,166,12997.8499999
2020-06-14 09:15:00,25.093788666666665,38.5421514,0.5664324566666666,9,15,166,17473.3892856
2020-06-14 09:30:00,25.808286599999995,41.24847206666666,0.5574083926666665,9,30,166,17301.757142899998
2020-06-14 09:45:00,26.1179402,42.4683164,0.5722872473333334,9,45,166,17687.067857000002
2020-06-14 10:00:00,26.354372285714287,43.27517914285714,0.5856356821428572,10,0,166,18251.4624999
2020-06-14 10:15:00,26.09553013333333,40.98323173333333,0.5289236226666665,10,15,166,16705.044643
2020-06-14 10:30:00,26.36005846666667,38.9274884,0.7195252226666667,10,30,166,22742.3160715
2020-06-14 10:45:00,26.533363733333328,42.528473,0.8330450946666667,10,45,166,24517.432143
2020-06-14 11:00:00,27.081068733333336,47.275213466666656,0.6406613233333333,11,0,166,19578.0464286
2020-06-14 11:15:00,26.948706133333328,43.94926386666666,0.6502135673333332,11,15,166,18606.6125
2020-06-14 11:30:00,26.8470704,46.03145753333334,0.6621523706666665,11,30,166,18894.5803573
2020-06-14 11:45:00,25.92304106666667,38.486489133333336,0.4262345726666666,11,45,166,12405.7303572
2020-06-14 12:00:00,25.21828571428572,37.81592471428572,0.4920235971428571,12,0,166,14550.9910715
2020-06-14 12:15:00,24.93256013333333,36.6068582,0.4727646679999999,12,15,166,13922.9750001
2020-06-14 12:30:00,24.945296133333336,35.61483133333333,0.454945416,12,30,166,13606.7857144
2020-06-14 12:45:00,25.431060866666662,37.15700086666667,0.519268844,12,45,166,15401.6553572
2020-06-14 13:00:00,25.37993566666667,34.78068233333334,0.5761803393333333,13,0,166,17124.8982142
2020-06-14 13:15:00,25.898872933333333,42.364294333333326,0.7343688020000001,13,15,166,21258.801786
2020-06-14 13:30:00,26.6301878,45.9655842,0.7277635133333333,13,30,166,20177.8321427
2020-06-14 13:45:00,27.04890353333333,47.9602314,0.9066149006666668,13,45,166,23086.444643
2020-06-14 14:00:00,27.848915600000005,59.386079333333335,1.2216518466666668,14,0,166,27895.039285
2020-06-14 14:15:00,28.22232285714286,58.59664692857143,0.91048926,14,15,166,23782.435715
2020-06-14 14:30:00,27.5785664,49.444277133333344,0.5639184546666666,14,30,166,17019.6410715
2020-06-14 14:45:00,27.1061442,42.90284833333333,0.4497933986666666,14,45,166,13873.9267856
2020-06-14 15:00:00,26.949993866666667,41.82487593333333,0.5869389626666666,15,0,166,18501.017857
2020-06-14 15:15:00,27.40871386666667,47.941766400000006,0.7094795186666665,15,15,166,21373.7285714
2020-06-14 15:30:00,27.449349066666663,43.6625044,0.4602610826666666,15,30,166,14291.4571427
2020-06-14 15:45:00,27.087241533333334,38.89504786666667,0.4082271193333333,15,45,166,12680.1178572
2020-06-14 16:00:00,27.05220753333333,38.234853066666666,0.4008640346666667,16,0,166,12534.0125001
2020-06-14 16:15:00,26.809796066666664,35.90520226666667,0.2853623193333333,16,15,166,8932.2285716
2020-06-14 16:30:00,26.423555642857146,32.757710357142855,0.1992258571428571,16,30,166,6194.9517856
2020-06-14 16:45:00,26.0342224,30.358787133333337,0.1544666584,16,45,166,4736.2714286
2020-06-14 17:00:00,25.98669446666667,29.146844466666664,0.1235932831333333,17,0,166,3799.5857143
2020-06-14 17:15:00,25.845591266666663,28.6533284,0.1121953106,17,15,166,3585.7749999
2020-06-14 17:30:00,25.6701172,27.996036799999995,0.0712777123333333,17,30,166,2181.10178572
2020-06-14 17:45:00,25.536855066666668,26.63404133333333,0.0428979898,17,45,166,1229.77321427
2020-06-14 18:00:00,25.3053914,25.30308846666667,0.0297671323333333,18,0,166,831.18571429
2020-06-14 18:15:00,25.1361024,24.7232728,0.019033676,18,15,166,531.40357143
2020-06-14 18:30:00,25.052579666666663,24.514713333333333,0.00675433608,18,30,166,134.121428571
2020-06-14 18:45:00,24.892543142857136,24.072802000000003,0.000455513202,18,45,166,0.0
2020-06-14 19:00:00,24.703763866666662,23.564217066666668,0.0,19,0,166,0.0
2020-06-14 19:15:00,24.54298286666667,23.092030733333328,0.0,19,15,166,0.0
2020-06-14 19:30:00,24.398594266666667,22.771372466666666,0.0,19,30,166,0.0
2020-06-14 19:45:00,24.24910893333333,22.757745466666663,0.0,19,45,166,0.0
2020-06-14 20:00:00,24.07510986666667,22.66186726666666,0.0,20,0,166,0.0
2020-06-14 20:15:00,23.94650073333333,22.531148466666668,0.0,20,15,166,0.0
2020-06-14 20:30:00,23.86200773333333,22.4192994,0.0,20,30,166,0.0
2020-06-14 20:45:00,23.8368284,22.6065692,0.0,20,45,166,0.0
2020-06-14 21:00:00,23.87317121428572,23.1115265,0.0,21,0,166,0.0
2020-06-14 21:15:00,23.92025353333333,23.285941533333336,0.0,21,15,166,0.0
2020-06-14 21:30:00,23.86289053333333,22.984142933333327,0.0,21,30,166,0.0
2020-06-14 21:45:00,23.777291,22.35220546666667,0.0,21,45,166,0.0
2020-06-14 22:00:00,23.65113126666667,21.9989258,0.0,22,0,166,0.0
2020-06-14 22:15:00,23.649532,22.44542833333333,0.0,22,15,166,0.0
2020-06-14 22:30:00,23.607413666666663,21.990108266666663,0.0,22,30,166,0.0
2020-06-14 22:45:00,23.522460866666663,21.420633933333328,0.0,22,45,166,0.0
2020-06-14 23:00:00,23.3865622,21.151995866666667,0.0,23,0,166,0.0
2020-06-14 23:15:00,23.331081066666663,21.4704246,0.0,23,15,166,0.0
2020-06-14 23:30:00,23.44495271428572,22.455490071428567,0.0,23,30,166,0.0
2020-06-14 23:45:00,23.418153933333333,22.447845466666667,0.0,23,45,166,0.0
2020-06-15 00:00:00,23.369126333333337,22.693621866666668,0.0,0,0,167,0.0
2020-06-15 00:15:00,23.19021186666667,22.545045933333327,0.0,0,15,167,0.0
2020-06-15 00:30:00,23.111739066666665,22.314375933333327,0.0,0,30,167,0.0
2020-06-15 00:45:00,23.0380188,22.110986266666668,0.0,0,45,167,0.0
2020-06-15 01:00:00,23.0133788,22.293188466666667,0.0,1,0,167,0.0
2020-06-15 01:15:00,23.006721933333328,22.43304846666667,0.0,1,15,167,0.0
2020-06-15 01:30:00,22.5523254,21.5200196,0.0,1,30,167,0.0
2020-06-15 01:45:00,22.161108785714287,21.202298785714287,0.0,1,45,167,0.0
2020-06-15 02:00:00,22.0657084,21.1699198,0.0,2,0,167,0.0
2020-06-15 02:15:00,22.051059866666662,20.977667333333336,0.0,2,15,167,0.0
2020-06-15 02:30:00,22.064056266666665,20.769443866666663,0.0,2,30,167,0.0
2020-06-15 02:45:00,22.1327738,20.88665566666667,0.0,2,45,167,0.0
2020-06-15 03:00:00,22.138987400000005,20.774737666666667,0.0,3,0,167,0.0
2020-06-15 03:15:00,22.1016358,21.0114828,0.0,3,15,167,0.0
2020-06-15 03:30:00,22.13297933333333,21.463275133333337,0.0,3,30,167,0.0
2020-06-15 03:45:00,22.184287,21.606781142857145,0.0,3,45,167,0.0
2020-06-15 04:00:00,22.16874793333333,21.5196512,0.0,4,0,167,0.0
2020-06-15 04:15:00,21.67616773333333,20.805542066666668,0.0,4,15,167,0.0
2020-06-15 04:30:00,21.5948508,20.4898396,0.0,4,30,167,0.0
2020-06-15 04:45:00,21.5713258,20.214919066666663,0.0,4,45,167,0.0
2020-06-15 05:00:00,21.50873626666667,20.08615913333333,0.0,5,0,167,0.0
2020-06-15 05:15:00,21.424306066666663,19.861635466666662,0.0,5,15,167,0.0
2020-06-15 05:30:00,21.4322062,19.826896066666663,0.0,5,30,167,0.0
2020-06-15 05:45:00,21.4640382,20.121873,0.0005523642353333,5,45,167,0.0
2020-06-15 06:00:00,21.53003333333333,20.394429466666665,0.0096864394666666,6,0,167,202.699999998
2020-06-15 06:15:00,21.65816592857143,20.84060435714285,0.0333103492857142,6,15,167,973.83392858
2020-06-15 06:30:00,21.957159333333333,22.195896266666672,0.067908889,6,30,167,2063.21964284
2020-06-15 06:45:00,22.312394333333334,24.034580466666668,0.1027040146666666,6,45,167,3147.4482142
2020-06-15 07:00:00,22.742930066666663,25.804111733333336,0.1557342913333333,7,0,167,4511.2410715
2020-06-15 07:15:00,23.27185253333333,27.688370800000005,0.1602291469333333,7,15,167,4645.5357143
2020-06-15 07:30:00,23.458431066666662,27.546588133333334,0.1333380648,7,30,167,4140.1535714
2020-06-15 07:45:00,23.83686933333333,29.87518726666667,0.2642032693333333,7,45,167,7957.6
2020-06-15 08:00:00,24.477518733333334,35.34433613333334,0.4586929053333333,8,0,167,13486.6249999
2020-06-15 08:15:00,25.257212400000004,40.66176133333333,0.5363576693333331,8,15,167,16263.7107144
2020-06-15 08:30:00,25.92686257142857,42.59452828571429,0.5785561021428571,8,30,167,16293.9535714
2020-06-15 08:45:00,26.066546666666667,42.4321838,0.5342788213333333,8,45,167,15867.4500001
2020-06-15 09:00:00,26.192445933333328,42.29481826666667,0.5729372046666668,9,0,167,17212.0392857
2020-06-15 09:15:00,26.40725306666667,44.0128702,0.6634503566666667,9,15,167,19133.8321428
2020-06-15 09:30:00,26.3895486,43.27049353333333,0.6428513106666667,9,30,167,19150.0375
2020-06-15 09:45:00,26.80618086666667,44.94630113333333,0.644579368,9,45,167,18800.0375
2020-06-15 10:00:00,26.95370706666667,43.85072413333333,0.6171309093333333,10,0,167,18755.5357143
2020-06-15 10:15:00,27.5598856,48.580128733333325,0.888736286,10,15,167,25400.428572
2020-06-15 10:30:00,28.05028693333333,50.1047016,0.6801742386666666,10,30,167,20982.0946428
2020-06-15 10:45:00,27.778298642857145,46.05228092857142,0.8608448592857144,10,45,167,23058.7321441
2020-06-15 11:00:00,28.7853558,50.65149946666666,0.702748034,11,0,167,22128.8303571
2020-06-15 11:15:00,28.371838400000005,46.34689126666667,0.5736166646666666,11,15,167,16792.3089288
2020-06-15 11:30:00,28.375455666666667,45.72413726666667,0.6370887293333334,11,30,167,17740.7196428
2020-06-15 11:45:00,28.39979053333333,44.47907733333333,0.664057878,11,45,167,19009.1535716
2020-06-15 12:00:00,28.601291866666667,44.703940933333335,0.7444816766666666,12,0,167,20591.5517852
2020-06-15 12:15:00,28.851655933333333,44.1841634,0.4327973,12,15,167,13306.1928571
2020-06-15 12:30:00,28.54629326666667,39.752722466666654,0.3901906573333333,12,30,167,12362.1107144
2020-06-15 12:45:00,28.7726258,41.34621800000001,0.4552512326666666,12,45,167,14115.1107141
2020-06-15 13:00:00,29.03071592857143,45.404338142857135,0.7324080378571429,13,0,167,21745.4482147
2020-06-15 13:15:00,29.107385266666668,45.503061933333335,0.42740474,13,15,167,12677.7321428
2020-06-15 13:30:00,28.417808066666662,39.03741653333332,0.2453921386666666,13,30,167,7674.912499999999
2020-06-15 13:45:00,27.856903133333333,34.7539672,0.2260944466666666,13,45,167,7347.2464288
2020-06-15 14:00:00,27.197220866666672,33.998970666666665,0.2690430446666666,14,0,167,8722.0035713
2020-06-15 14:15:00,26.7497132,34.74134893333333,0.423195788,14,15,167,13288.5160714
2020-06-15 14:30:00,27.611472733333333,43.56778333333334,0.652056834,14,30,167,21599.617858
2020-06-15 14:45:00,27.82892866666667,43.3427838,0.4772766193333333,14,45,167,14926.6410714
2020-06-15 15:00:00,27.93405566666667,41.36491266666666,0.4233145246666666,15,0,167,13901.5357142
2020-06-15 15:15:00,28.178857466666667,40.87684526666667,0.4511937286666666,15,15,167,13594.6839287
2020-06-15 15:30:00,27.89843528571428,38.410527071428575,0.3822117121428572,15,30,167,11505.2857145
2020-06-15 15:45:00,28.1680522,40.31551513333334,0.4502923073333334,15,45,167,13544.4071428
2020-06-15 16:00:00,27.743865933333336,34.530938533333334,0.1251691066666666,16,0,167,3885.1232144
2020-06-15 16:15:00,27.32750646666667,31.59433793333333,0.1629056366666666,16,15,167,5326.9160715
2020-06-15 16:30:00,27.34741213333333,33.07997246666667,0.238490188,16,30,167,7544.9910715
2020-06-15 16:45:00,27.16989953333333,33.85005699999999,0.2764912,16,45,167,8776.3714285
2020-06-15 17:00:00,27.25204246666667,33.650572000000004,0.193777918,17,0,167,6028.0982143
2020-06-15 17:15:00,26.9659322,31.59396966666667,0.1565710793333333,17,15,167,4899.6767857
2020-06-15 17:30:00,26.7447368,29.8884196,0.1016916527999999,17,30,167,3085.7410713
2020-06-15 17:45:00,26.740639133333328,29.0264568,0.0859623972,17,45,167,2640.7142859
2020-06-15 18:00:00,26.430651071428567,27.618528142857144,0.0388465545,18,0,167,1137.17321427
2020-06-15 18:15:00,26.3341512,26.6526916,0.0182621793333333,18,15,167,501.55
2020-06-15 18:30:00,26.050742666666668,25.9055684,0.0040517676866666,18,30,167,37.291071428
2020-06-15 18:45:00,25.35520226666667,25.034010666666664,0.0001930037933333,18,45,167,0.0
2020-06-15 19:00:00,23.2409404,21.9908934,2.0070272266666667e-05,19,0,167,0.0
2020-06-15 19:15:00,22.767838466666667,21.174566666666667,0.0,19,15,167,0.0
2020-06-15 19:30:00,22.987856066666662,21.7699482,0.0,19,30,167,0.0
2020-06-15 19:45:00,23.20111713333333,22.1287008,0.0,19,45,167,0.0
2020-06-15 20:00:00,23.3763062,22.4887248,0.0,20,0,167,0.0
2020-06-15 20:15:00,23.397517642857142,22.45287421428572,0.0,20,15,167,0.0
2020-06-15 20:30:00,23.379569466666663,22.127677533333337,0.0,20,30,167,0.0
2020-06-15 20:45:00,23.297440666666667,21.76893313333333,0.0,20,45,167,0.0
2020-06-15 21:00:00,23.1545876,21.370139466666664,0.0,21,0,167,0.0
2020-06-15 21:15:00,23.025012266666664,21.098044733333328,0.0,21,15,167,0.0
2020-06-15 21:30:00,23.00178813333333,21.152862666666667,0.0,21,30,167,0.0
2020-06-15 21:45:00,22.969417266666667,21.07163493333333,0.0,21,45,167,0.0
2020-06-15 22:00:00,22.975063066666667,21.0493896,0.0,22,0,167,0.0
2020-06-15 22:15:00,23.13929433333333,21.802388333333337,0.0,22,15,167,0.0
2020-06-15 22:30:00,23.4763204,22.651540133333327,0.0,22,30,167,0.0
2020-06-15 22:45:00,23.61283221428572,22.879322642857144,0.0,22,45,167,0.0
2020-06-15 23:00:00,23.618847800000005,22.86751913333333,0.0,23,0,167,0.0
2020-06-15 23:15:00,23.602976466666668,22.941127400000003,0.0,23,15,167,0.0
2020-06-15 23:30:00,23.631050666666667,23.077227733333327,0.0,23,30,167,0.0
2020-06-15 23:45:00,23.641210800000003,23.05128580000001,0.0,23,45,167,0.0
2020-06-16 00:00:00,23.1030456,22.078888133333333,0.0,0,0,168,0.0
2020-06-16 00:15:00,22.853855133333333,21.67698573333333,0.0,0,15,168,0.0
2020-06-16 00:30:00,22.7012818,21.311032800000003,0.0,0,30,168,0.0
2020-06-16 00:45:00,22.620440733333336,20.884556066666665,0.0,0,45,168,0.0
2020-06-16 01:00:00,22.585764533333336,20.6971374,0.0,1,0,168,0.0
2020-06-16 01:15:00,22.654924857142856,20.882272,0.0,1,15,168,0.0
2020-06-16 01:30:00,22.739894666666665,21.476552466666668,0.0,1,30,168,0.0
2020-06-16 01:45:00,22.727596,21.583762466666663,0.0,1,45,168,0.0
2020-06-16 02:00:00,22.6596518,21.5838462,0.0,2,0,168,0.0
2020-06-16 02:15:00,22.60989986666667,21.7492634,0.0,2,15,168,0.0
2020-06-16 02:30:00,22.58112373333333,21.858671,0.0,2,30,168,0.0
2020-06-16 02:45:00,22.547627866666662,21.670951266666663,0.0,2,45,168,0.0
2020-06-16 03:00:00,22.499713000000003,21.391532466666668,0.0,3,0,168,0.0
2020-06-16 03:15:00,22.458070800000005,21.181779,0.0,3,15,168,0.0
2020-06-16 03:30:00,22.399773714285715,20.989717642857144,0.0,3,30,168,0.0
2020-06-16 03:45:00,22.4348244,21.0618022,0.0,3,45,168,0.0
2020-06-16 04:00:00,22.5443968,21.4435628,0.0,4,0,168,0.0
2020-06-16 04:15:00,22.5694072,21.518406266666663,0.0,4,15,168,0.0
2020-06-16 04:30:00,22.590698266666667,21.7528688,0.0,4,30,168,0.0
2020-06-16 04:45:00,22.652595733333328,22.0547526,0.0,4,45,168,0.0
2020-06-16 05:00:00,22.692254533333333,22.127937733333336,0.0,5,0,168,0.0
2020-06-16 05:15:00,22.6955222,21.929762933333333,0.0,5,15,168,0.0
2020-06-16 05:30:00,22.571179266666665,21.587780733333336,0.0,5,30,168,0.0
2020-06-16 05:45:00,22.452933666666667,21.47074393333333,4.49041162e-05,5,45,168,0.0
2020-06-16 06:00:00,22.494378142857144,21.69032292857143,0.003851879775,6,0,168,8.157142857
2020-06-16 06:15:00,22.654567466666663,22.05121253333333,0.0141838213333333,6,15,168,401.50714285
2020-06-16 06:30:00,22.7384398,22.45022773333333,0.0468413084666666,6,30,168,1471.53214285
2020-06-16 06:45:00,22.961183666666667,23.921439533333327,0.0706118121333333,6,45,168,2149.32857143
2020-06-16 07:00:00,23.138751200000005,24.801971466666664,0.1017261071999999,7,0,168,3092.0767858
2020-06-16 07:15:00,23.25484613333333,25.770912666666668,0.167161456,7,15,168,5069.1875
2020-06-16 07:30:00,23.595815066666667,28.376147533333327,0.206390628,7,30,168,6105.1696428
2020-06-16 07:45:00,23.800502533333333,29.75697633333333,0.2582670813333333,7,45,168,7677.1464287
2020-06-16 08:00:00,24.273189266666662,32.9937198,0.353673456,8,0,168,10555.0339285
2020-06-16 08:15:00,24.568143428571428,34.32752778571429,0.32255192,8,15,168,9954.9267857
2020-06-16 08:30:00,24.833713600000003,34.94457799999999,0.402276302,8,30,168,12533.05
2020-06-16 08:45:00,25.266322866666663,37.48621606666667,0.4147560933333333,8,45,168,12572.6750001
2020-06-16 09:00:00,25.405088333333328,37.028379066666666,0.410816618,9,0,168,12538.4535714
2020-06-16 09:15:00,25.76177973333333,38.08438906666666,0.46019857,9,15,168,14086.6714286
2020-06-16 09:30:00,26.016273933333327,39.71077913333334,0.5521471146666667,9,30,168,16210.6375
2020-06-16 09:45:00,26.3412638,42.884138933333325,0.63615115,9,45,168,19016.1125
2020-06-16 10:00:00,26.7102622,46.827693800000006,0.8289793113333334,10,0,168,24082.9642871
2020-06-16 10:15:00,27.3343506,49.562795,0.7204248719999999,10,15,168,22378.3375003
2020-06-16 10:30:00,27.42023371428571,47.050576142857146,0.5909023807142856,10,30,168,18201.6178571
2020-06-16 10:45:00,27.318863800000003,45.9083192,0.6752527859999999,10,45,168,20210.8678572
2020-06-16 11:00:00,27.994940266666667,53.25080986666667,0.9182852226666663,11,0,168,24978.126784
2020-06-16 11:15:00,27.928853400000005,48.67373446666666,0.5986946806666666,11,15,168,18069.2625001
2020-06-16 11:30:00,27.818320733333337,43.250374533333336,0.4207671039999999,11,30,168,12780.4035714
2020-06-16 11:45:00,28.167818333333337,44.0384016,0.5218388100000001,11,45,168,16210.6321429
2020-06-16 12:00:00,27.874310399999995,38.48475933333333,0.2222456033333333,12,0,168,7269.2821429
2020-06-16 12:15:00,27.3941652,37.038040933333335,0.429468928,12,15,168,13299.1107144
2020-06-16 12:30:00,27.964037071428567,45.40855414285714,0.4833998399999999,12,30,168,14176.6696428
2020-06-16 12:45:00,28.30027873333333,46.0441244,0.5028826646666666,12,45,168,15522.8642857
2020-06-16 13:00:00,27.9916526,41.8464274,0.319418066,13,0,168,10305.5482144
2020-06-16 13:15:00,27.832635533333328,41.04779260000001,0.5032727366666667,13,15,168,15730.2732144
2020-06-16 13:30:00,28.40100513333333,45.513633466666654,0.5822891546666668,13,30,168,17424.8589286
2020-06-16 13:45:00,28.5019692,41.4494812,0.4094128093333333,13,45,168,12894.9000001
2020-06-16 14:00:00,28.79405306666667,43.01357606666667,0.430022742,14,0,168,14158.8
2020-06-16 14:15:00,28.30766193333333,38.786185733333326,0.3048436553333333,14,15,168,9507.832143
2020-06-16 14:30:00,28.7229654,43.40939126666667,0.7181465133333333,14,30,168,21145.8624995
2020-06-16 14:45:00,29.282915285714285,47.94010285714285,0.5257635171428571,14,45,168,15640.5517858
2020-06-16 15:00:00,28.405712933333334,39.4493672,0.2822451986666666,15,0,168,8844.4125
2020-06-16 15:15:00,28.018060266666662,36.67894273333333,0.3201579573333333,15,15,168,10090.6553573
2020-06-16 15:30:00,27.99871413333333,38.17277626666667,0.4274141633333333,15,30,168,13944.7107143
2020-06-16 15:45:00,28.175795466666663,38.97982593333333,0.3585119633333332,15,45,168,10880.6769842
2020-06-16 16:00:00,28.046335933333328,37.409806,0.345676682,16,0,168,10713.4749999
2020-06-16 16:15:00,27.96042866666667,35.6392172,0.2479111146666666,16,15,168,7555.5017858
2020-06-16 16:30:00,27.695955466666668,32.8359476,0.1895537733333333,16,30,168,5707.1517858
2020-06-16 16:45:00,27.426601,31.4595755,0.1614167364285714,16,45,168,4762.3535713
2020-06-16 17:00:00,27.1594952,30.26335453333333,0.138821146,17,0,168,4135.5071428
2020-06-16 17:15:00,26.824678533333337,29.386724733333327,0.1235097679333333,17,15,168,3740.9839285
2020-06-16 17:30:00,26.401951266666664,28.3863546,0.1023283072,17,30,168,3108.4678571
2020-06-16 17:45:00,26.144761066666668,27.2317426,0.0729025029333333,17,45,168,2220.25714284
2020-06-16 18:00:00,25.890207866666664,26.162266133333336,0.0488549196666666,18,0,168,1480.95714285
2020-06-16 18:15:00,25.614040133333333,25.0996826,0.0247498541333333,18,15,168,731.94107141
2020-06-16 18:30:00,25.386586466666667,24.1691102,0.0070536268133333,18,30,168,159.194642855
2020-06-16 18:45:00,25.18057035714285,23.46554121428572,5.614888285714287e-05,18,45,168,0.0
2020-06-16 19:00:00,24.986523400000003,23.094964466666667,0.0,19,0,168,0.0
2020-06-16 19:15:00,24.872993933333333,23.475244266666667,0.0,19,15,168,0.0
2020-06-16 19:30:00,24.442285133333336,23.068772466666665,0.0,19,30,168,0.0
2020-06-16 19:45:00,24.105043466666668,22.125270533333328,0.0,19,45,168,0.0
2020-06-16 20:00:00,23.90370066666667,21.6543518,0.0,20,0,168,0.0
2020-06-16 20:15:00,23.837534466666664,21.472778333333338,0.0,20,15,168,0.0
2020-06-16 20:30:00,23.731559266666665,21.342250600000003,0.0,20,30,168,0.0
2020-06-16 20:45:00,23.63031613333333,21.26215206666667,0.0,20,45,168,0.0
2020-06-16 21:00:00,23.54011321428572,21.28716157142857,0.0,21,0,168,0.0
2020-06-16 21:15:00,23.47867833333333,21.77463793333333,0.0,21,15,168,0.0
2020-06-16 21:30:00,23.456827866666668,21.562624133333337,0.0,21,30,168,0.0
2020-06-16 21:45:00,23.27699386666667,21.23533533333333,0.0,21,45,168,0.0
2020-06-16 22:00:00,23.0816692,20.936218266666668,0.0,22,0,168,0.0
2020-06-16 22:15:00,22.92795193333333,20.6880636,0.0,22,15,168,0.0
2020-06-16 22:30:00,22.8635354,20.536962866666663,0.0,22,30,168,0.0
2020-06-16 22:45:00,22.87235926666667,20.92511186666667,0.0,22,45,168,0.0
2020-06-16 23:00:00,22.962205000000004,21.606494266666665,0.0,23,0,168,0.0
2020-06-16 23:15:00,22.947974214285715,21.32625042857143,0.0,23,15,168,0.0
2020-06-16 23:30:00,22.9250326,21.164687,0.0,23,30,168,0.0
2020-06-16 23:45:00,22.8920044,21.21659966666667,0.0,23,45,168,0.0
2020-06-17 00:00:00,22.895672466666667,21.4657734,0.0,0,0,169,0.0
2020-06-17 00:15:00,22.868416400000005,21.381974333333336,0.0,0,15,169,0.0
2020-06-17 00:30:00,22.826764000000004,21.210284466666668,0.0,0,30,169,0.0
2020-06-17 00:45:00,22.795615466666668,21.3571554,0.0,0,45,169,0.0
2020-06-17 01:00:00,22.771451866666663,21.47204793333333,0.0,1,0,169,0.0
2020-06-17 01:15:00,22.74187364285714,21.349182142857146,0.0,1,15,169,0.0
2020-06-17 01:30:00,22.687184666666667,21.247636,0.0,1,30,169,0.0
2020-06-17 01:45:00,22.602610333333327,21.096276733333337,0.0,1,45,169,0.0
2020-06-17 02:00:00,22.6269064,21.193654466666665,0.0,2,0,169,0.0
2020-06-17 02:15:00,22.6140116,21.31661153333333,0.0,2,15,169,0.0
2020-06-17 02:30:00,22.663737,21.763271133333337,0.0,2,30,169,0.0
2020-06-17 02:45:00,22.774051866666664,22.108378,0.0,2,45,169,0.0
2020-06-17 03:00:00,22.852022266666665,22.4946594,0.0,3,0,169,0.0
2020-06-17 03:15:00,22.81974493333333,22.48667,0.0,3,15,169,0.0
2020-06-17 03:30:00,22.77129513333333,22.362780800000003,0.0,3,30,169,0.0
2020-06-17 03:45:00,22.78877485714285,22.275460428571428,0.0,3,45,169,0.0
2020-06-17 04:00:00,22.8229758,22.151271533333336,0.0,4,0,169,0.0
2020-06-17 04:15:00,22.7428528,21.91627006666667,0.0,4,15,169,0.0
2020-06-17 04:30:00,22.554170733333333,21.6825296,0.0,4,30,169,0.0
2020-06-17 04:45:00,22.414825466666667,21.4082114,0.0,4,45,169,0.0
2020-06-17 05:00:00,22.35033773333333,21.41950486666666,0.0,5,0,169,0.0
2020-06-17 05:15:00,22.350765000000003,21.737540666666668,0.0,5,15,169,0.0
2020-06-17 05:30:00,22.17537633333333,21.605226666666663,0.0,5,30,169,0.0
2020-06-17 05:45:00,21.707153333333327,20.7132262,0.0,5,45,169,0.0
2020-06-17 06:00:00,21.69549992857143,20.599559285714285,0.0028424610064285,6,0,169,5.998214286
2020-06-17 06:45:00,22.335686384615386,23.15451523076923,0.045347547,6,45,169,877.25
2020-06-17 07:00:00,22.482625266666663,24.277018266666666,0.0933161474666666,7,0,169,2946.0321428
2020-06-17 07:15:00,22.711220200000003,25.8125894,0.1437652418,7,15,169,4462.5303573
2020-06-17 07:30:00,22.99848413333333,28.593758200000003,0.2278736373333333,7,30,169,7062.442857
2020-06-17 07:45:00,23.364750200000003,30.827225666666664,0.2681349153333333,7,45,169,8217.6857144
2020-06-17 08:00:00,23.751955,31.084741200000003,0.2345097293333333,8,0,169,7405.6071428
2020-06-17 08:15:00,24.041337,31.60524686666667,0.2610877493333334,8,15,169,8184.1392857
2020-06-17 08:30:00,24.25599892857143,32.83224278571429,0.2754482242857142,8,30,169,8800.6285713
2020-06-17 08:45:00,24.443902533333333,32.258191,0.262713,8,45,169,8452.9375
2020-06-17 09:00:00,24.68842373333333,34.1126014,0.3381332306666667,9,0,169,10911.0571429
2020-06-17 09:15:00,24.982682266666668,34.559212133333325,0.3666457480000001,9,15,169,11630.1
2020-06-17 09:30:00,25.439449133333333,37.621647133333326,0.4660193226666666,9,30,169,14852.6857142
2020-06-17 09:45:00,25.527582066666668,37.25813600000001,0.3833396619999999,9,45,169,12306.7625
2020-06-17 10:00:00,25.68465353333333,37.61702466666667,0.4246341313333333,10,0,169,13464.2285714
2020-06-17 10:15:00,25.957446399999995,38.814910666666655,0.4543548386666667,10,15,169,14483.8875
2020-06-17 10:30:00,26.182826666666664,40.22812886666667,0.5010602806666667,10,30,169,15638.6428571
2020-06-17 10:45:00,26.47013421428571,41.11575328571428,0.464913585,10,45,169,14239.3214286
2020-06-17 11:00:00,26.236733,37.096722333333325,0.4508577206666666,11,0,169,14510.4696431
2020-06-17 11:15:00,26.771500733333337,42.28302813333334,0.564246406,11,15,169,17199.1071427
2020-06-17 11:30:00,27.251393533333328,41.926712666666674,0.5372297933333333,11,30,169,16548.7035715
2020-06-17 11:45:00,27.742724733333336,46.33160186666667,0.892716588,11,45,169,24773.9125
2020-06-17 12:00:00,28.4727662,51.776054,0.8971673586666666,12,0,169,24771.0553577
2020-06-17 12:15:00,28.649094666666667,53.773537133333335,1.0312303086666668,12,15,169,29048.955358
2020-06-17 12:30:00,28.941943333333327,51.34074066666668,0.718821216,12,30,169,20619.0285715
2020-06-17 12:45:00,29.028007,47.83913766666667,0.7001748986666666,12,45,169,21655.719643
2020-06-17 13:00:00,28.579515642857142,43.52298428571428,0.4894874157142857,13,0,169,15160.0071428
2020-06-17 13:15:00,28.496042933333328,42.57935760000001,0.6021715766666667,13,15,169,19014.0714284
2020-06-17 13:30:00,28.954923333333333,44.68992900000001,0.6593983766666666,13,30,169,21044.15
2020-06-17 13:45:00,29.05773106666667,45.0513366,0.5994605753333334,13,45,169,17746.0000002
2020-06-17 14:00:00,28.6523418,41.97513206666667,0.4384577806666666,14,0,169,13531.35
2020-06-17 14:15:00,28.22970173333333,39.4037556,0.4106262193333333,14,15,169,13048.0571428
2020-06-17 14:30:00,28.766581200000005,42.79567873333334,0.58660541,14,30,169,17947.7625
2020-06-17 14:45:00,29.11126313333333,44.9506284,0.5350119733333333,14,45,169,16851.6714286
2020-06-17 15:00:00,28.617018666666667,39.946699866666656,0.3174531373333333,15,0,169,10254.9732144
2020-06-17 15:15:00,27.914616214285715,34.29488935714285,0.1042054897142857,15,15,169,3341.7053571
2020-06-17 15:30:00,25.61776526666667,26.2441224,0.0553157361333333,15,30,169,1928.27857144
2020-06-17 15:45:00,23.556774866666668,23.536191933333328,0.085784176,15,45,169,3026.0392859
2020-06-17 16:00:00,23.40352773333333,24.986667866666668,0.1997712573333333,16,0,169,6922.5035714
2020-06-17 16:15:00,24.1127868,28.996931866666667,0.235077558,16,15,169,7880.0428573
2020-06-17 16:30:00,24.390767466666667,29.47314233333333,0.1186300124,16,30,169,3954.9089285
2020-06-17 16:45:00,24.2918964,26.972265600000004,0.0716163500666666,16,45,169,2421.4446428
2020-06-17 17:00:00,24.191860066666663,25.512402466666668,0.0864726348666666,17,0,169,2819.3785713
2020-06-17 17:15:00,24.196166857142856,26.66497142857143,0.1047624446428571,17,15,169,3356.5446428
2020-06-17 17:30:00,24.278403545454545,26.86244345454546,0.0901317685454545,17,30,169,2869.84
2020-06-17 17:45:00,24.17417021428572,25.95027171428572,0.0652585639285714,17,45,169,2021.62857142
2020-06-17 18:00:00,24.130348733333328,25.080924533333327,0.0419395646666666,18,0,169,1288.58571429
2020-06-17 18:15:00,24.038157333333327,24.0682496,0.0234457014666666,18,15,169,719.875
2020-06-17 18:30:00,23.8402385,22.968658428571427,0.0070068898142857,18,30,169,165.82857143
2020-06-17 18:45:00,23.5830486,22.460372,3.9083115333333336e-05,18,45,169,0.0
2020-06-17 19:00:00,23.474888266666667,22.42334993333333,0.0,19,0,169,0.0
2020-06-17 19:15:00,23.489280266666665,22.7568808,0.0,19,15,169,0.0
2020-06-17 19:30:00,23.45561106666667,22.7176046,0.0,19,30,169,0.0
2020-06-17 19:45:00,23.0513224,21.774304133333327,0.0,19,45,169,0.0
2020-06-17 20:00:00,23.0032632,21.24322106666667,0.0,20,0,169,0.0
2020-06-17 20:15:00,22.890356333333337,20.784727,0.0,20,15,169,0.0
2020-06-17 20:30:00,22.891965666666664,20.9494608,0.0,20,30,169,0.0
2020-06-17 20:45:00,22.8874295,21.12194821428572,0.0,20,45,169,0.0
2020-06-17 21:00:00,22.89988213333333,21.383107466666665,0.0,21,0,169,0.0
2020-06-17 21:15:00,22.892598466666666,21.563179466666664,0.0,21,15,169,0.0
2020-06-17 21:30:00,22.9965616,21.869773466666665,0.0,21,30,169,0.0
2020-06-17 21:45:00,23.137091,22.1259848,0.0,21,45,169,0.0
2020-06-17 22:00:00,22.563179466666668,21.164713466666665,0.0,22,0,169,0.0
2020-06-17 22:15:00,22.19922893333333,20.51527293333333,0.0,22,15,169,0.0
2020-06-17 22:30:00,22.171736666666664,21.0808288,0.0,22,30,169,0.0
2020-06-17 22:45:00,22.150569666666662,21.480377266666668,0.0,22,45,169,0.0
2020-06-17 23:00:00,22.129815666666666,21.38902386666667,0.0,23,0,169,0.0
2020-06-17 23:15:00,22.008274642857145,20.709211357142856,0.0,23,15,169,0.0
2020-06-17 23:30:00,21.96949473333333,20.7349628,0.0,23,30,169,0.0
2020-06-17 23:45:00,21.909287666666668,20.4279724,0.0,23,45,169,0.0
